,P,E,Q
2008-01-01,4,27.52666728,0
2008-01-02,6.800000032,26.87666639,0
2008-01-03,5.599999905,28.49666659,0
2008-01-04,7.833333333,28.45666695,0
2008-01-05,0,31.05666606,0
2008-01-06,12.03333314,30.95999972,0
2008-01-07,10.09999975,31.22666613,0
2008-01-08,0,31.11333402,0
2008-01-09,0.966666659,28.56999969,0
2008-01-10,10.26666641,25.06999969,0
2008-01-11,5.900000095,23.68000031,0
2008-01-12,33.96666654,26.81333288,0
2008-01-13,0,28.69000053,0
2008-01-14,0,28.6899999,0
2008-01-15,28.83333333,27.16999944,0
2008-01-16,16.96666686,26.73666636,0
2008-01-17,4.46666654,26.45999972,0
2008-01-18,7.23333327,24.84333356,0
2008-01-19,3.733333349,26.67999967,0
2008-01-20,0.466666669,27.0833327,0
2008-01-21,1.333333294,29.60999997,0
2008-01-22,2.233333309,27.69000053,0
2008-01-23,3.566666762,27.05333328,0
2008-01-24,0.066666668,28.06999969,0
2008-01-25,0,29.5,0
2008-01-26,0.700000013,30.40666644,0
2008-01-27,0,29.79666646,0
2008-01-28,4.566666603,30.24666659,0
2008-01-29,0.166666669,30.28333346,0
2008-01-30,4.299999873,28.3233331,0
2008-01-31,2.566666683,28.96999995,0
2008-02-01,0.43333334,27.763333,0
2008-02-02,2.5,28.84999975,0
2008-02-03,7.033333302,28.63333321,0
2008-02-04,16.0666666,25.38333384,0
2008-02-05,2.766666651,27.54000028,0
2008-02-06,15.23333295,27.30666669,0
2008-02-07,6.166666667,31.52333387,0
2008-02-08,0,30.91666667,0
2008-02-09,1.333333333,30.67999967,0
2008-02-10,0.533333331,28.56666692,0
2008-02-11,1.866666635,22.08000056,0
2008-02-12,29.6666673,23.986667,0
2008-02-13,52.06666692,24.83666674,1.5869
2008-02-14,39.13333384,22.92333349,1.7075
2008-02-15,2.633333365,25.53999964,4.0956
2008-02-16,0,24.29666646,0.6011
2008-02-17,0.066666668,24.67000008,0.2207
2008-02-18,0.200000005,26.22333399,0.0702
2008-02-19,0.166666669,25.84333293,0.0286
2008-02-20,0,29.04333369,0.0037
2008-02-21,0.600000009,30.13666662,0
2008-02-22,0,32.40666644,0
2008-02-23,0,34.27666728,0
2008-02-24,0.333333343,29.5333341,0
2008-02-25,4.833333413,27.51999982,0
2008-02-26,0,24.58333333,0
2008-02-27,0.033333334,28.22999954,0
2008-02-28,0,26.29000028,0
2008-02-29,0,26.85000038,0
2008-03-01,0,27.15000025,0
2008-03-02,0,25.95000013,0
2008-03-03,0,25.84333356,0
2008-03-04,0.200000003,26.60333379,0
2008-03-05,0,25.84666634,0
2008-03-06,0,26.263333,0
2008-03-07,0.233333339,27.30666669,0
2008-03-08,0.100000001,27.54000028,0
2008-03-09,0.100000001,26.36999957,0
2008-03-10,1.200000008,27.63000043,0
2008-03-11,0.100000001,27.26000023,0
2008-03-12,0,26.14000003,0
2008-03-13,0,28.43000031,0
2008-03-14,0,27.66333326,0
2008-03-15,0,27.38333321,0
2008-03-16,0,27.56666629,0
2008-03-17,0.600000024,26.27333323,0
2008-03-18,1.366666675,24.01000023,0
2008-03-19,1.599999944,26.91333389,0
2008-03-20,0.333333343,26.53333346,0
2008-03-21,0.100000001,28.95000013,0
2008-03-22,0.333333338,27.07999992,0
2008-03-23,1.333333333,26.83333333,0
2008-03-24,0,27.63333384,0
2008-03-25,0,28.79333305,0
2008-03-26,0,29.47666677,0
2008-03-27,0,29.46666654,0
2008-03-28,21.66666667,23.20333354,0
2008-03-29,33.30000051,21.33333333,0
2008-03-30,0,25.58999952,0
2008-03-31,0,26.78333346,0
2008-04-01,0,26.47666677,0
2008-04-02,0,25.76999982,0
2008-04-03,0,27.70666695,0
2008-04-04,0.066666668,25.8799998,0
2008-04-05,0,25.89333344,0
2008-04-06,0,24.52666664,0
2008-04-07,0.333333343,25.2966671,0
2008-04-08,0.899999996,25.4266669,0
2008-04-09,0,24.89000003,0
2008-04-10,0.066666668,24.96666654,0
2008-04-11,0,27.00666618,0
2008-04-12,0,27.59666634,0
2008-04-13,0.066666668,27.77666728,0
2008-04-14,0,28.08666674,0
2008-04-15,0,26.34999975,0
2008-04-16,0.033333334,25.29000028,0
2008-04-17,0,24.92999967,0
2008-04-18,0,23.83333333,0
2008-04-19,1.866666635,24.91666603,0
2008-04-20,0.633333325,25.18666649,0
2008-04-21,0.166666669,25.84333356,0
2008-04-22,0,25.50333341,0
2008-04-23,1.766666651,25.11666679,0
2008-04-24,0.100000001,25.04333305,0
2008-04-25,0,25.34666634,0
2008-04-26,0,26.81333351,0
2008-04-27,0,27.69999949,0
2008-04-28,0,27.78333282,0
2008-04-29,0,22.57999992,0
2008-04-30,0,22.98000018,0
2008-05-01,0,24.51000023,0
2008-05-02,0,25.64666684,0
2008-05-03,0,26.64333344,0
2008-05-04,0,24.46000036,0
2008-05-05,0,24.51666641,0
2008-05-06,0,25.09666634,0
2008-05-07,0,25.67999967,0
2008-05-08,0,25.65333366,0
2008-05-09,0,24.15333303,0
2008-05-10,0,25.4266669,0
2008-05-11,0,24.98333295,0
2008-05-12,2.033333302,24.44333331,0
2008-05-13,0,24.26000023,0
2008-05-14,0,24.76000023,0
2008-05-15,1,24.14000003,0
2008-05-16,0,24.93000031,0
2008-05-17,0.166666669,24.8100001,0
2008-05-18,0,18.76999982,0
2008-05-19,0,21.81333351,0
2008-05-20,0,22.92333349,0
2008-05-21,0,24.14333344,0
2008-05-22,0,23.98666636,0
2008-05-23,0,21.31999969,0
2008-05-24,0,22.72000058,0
2008-05-25,0,23.22333336,0
2008-05-26,0,23.04000028,0
2008-05-27,0,22.01333364,0
2008-05-28,1.666666667,16.16999976,0
2008-05-29,8.76666673,16.35000006,0
2008-05-30,21.13333321,16.95000013,0
2008-05-31,53.66666794,18.65666644,0
2008-06-01,6.399999936,18.22333336,0
2008-06-02,18.83333333,23.82666651,0
2008-06-03,0,24.34000015,0
2008-06-04,0.100000001,23.75333341,0
2008-06-05,0.133333335,25.02000046,0
2008-06-06,0,24.27333323,0
2008-06-07,0.033333334,23.61333338,0
2008-06-08,6.73333327,21.68333371,0
2008-06-09,1.033333341,19.2966671,0
2008-06-10,0.133333335,22.25999959,0
2008-06-11,2.699999968,20.96000036,0
2008-06-12,0.233333339,23.28333346,0
2008-06-13,0,24.04999987,0
2008-06-14,0,19.00666682,0
2008-06-15,0,19.20333354,0
2008-06-16,0,20.90666707,0
2008-06-17,0,23.01333364,0
2008-06-18,0,22.99666659,0
2008-06-19,0,23.63666662,0
2008-06-20,0,23.28000005,0
2008-06-21,0,18.78000069,0
2008-06-22,0,19.57666715,0
2008-06-23,0,20.42333285,0
2008-06-24,0,19.15333303,0
2008-06-25,0,21.8233331,0
2008-06-26,0,22.16666667,0
2008-06-27,0,21.94666672,0
2008-06-28,0,21.67000008,0
2008-06-29,0,21.30666669,0
2008-06-30,0.266666676,21.51333364,0
2008-07-01,0,23.82999992,0
2008-07-02,0,22.00333341,0
2008-07-03,0,20.64666684,0
2008-07-04,0,21.15000025,0
2008-07-05,0,21.23666636,0
2008-07-06,0.966666679,17.63333384,0
2008-07-07,22.29999987,18.59999975,0
2008-07-08,12.5666666,15.36666648,0
2008-07-09,1.200000048,15.98333327,0
2008-07-10,0,17.95666695,0
2008-07-11,0,18.1899999,0
2008-07-12,0,20.47999954,0
2008-07-13,1.066666683,20.06666692,0
2008-07-14,1.700000008,24.51666705,0
2008-07-15,0.366666675,21.91333326,0
2008-07-16,1.300000012,17.90333366,0
2008-07-17,0.133333335,21.60999997,0
2008-07-18,0,22.69333331,0
2008-07-19,0,22.61666679,0
2008-07-20,0,21.96333377,0
2008-07-21,0.100000001,21.42999967,0
2008-07-22,3.400000016,14.04999987,0
2008-07-23,15.63333352,12.75333341,0
2008-07-24,64.43333435,12.79333337,2.8083
2008-07-25,17.59999975,16.51000023,7.8469
2008-07-26,0.233333337,18.87666639,1.2251
2008-07-27,0,17.87666702,0.3841
2008-07-28,5.100000064,14.09333356,0.1386
2008-07-29,0.50000001,16.66666698,0.0789
2008-07-30,0,18.76999982,0.0479
2008-07-31,0,20.93333371,0.0342
2008-08-01,0,24,0.0236
2008-08-02,0,20.58666674,0.0174
2008-08-03,0,20.28000005,0.0149
2008-08-04,0,21.95333354,0.0143
2008-08-05,0,21.75,0.0131
2008-08-06,1.133333325,20.07666651,0.0118
2008-08-07,0,19.64000066,0.0099
2008-08-08,0,18.92666626,0.0087
2008-08-09,0,19.49666595,0.0062
2008-08-10,0,20.82666651,0.0044
2008-08-11,0,17.31333288,0.0037
2008-08-12,0,17.16999944,0.0031
2008-08-13,0,18.68333308,0.0019
2008-08-14,0,18.4399999,0.0012
2008-08-15,0,19.03666687,6e-04
2008-08-16,0,18.35666656,0
2008-08-17,0,19.49000041,0
2008-08-18,0,12.53666687,0
2008-08-19,1.933333317,18.77333323,0
2008-08-20,0,20.30333328,0
2008-08-21,0,21.46999995,0
2008-08-22,0,24.25666618,0
2008-08-23,0.333333343,19.13666662,0
2008-08-24,0,20.77666664,0
2008-08-25,0,20.30666606,0
2008-08-26,0,22.58333333,0
2008-08-27,0,23.54666646,0
2008-08-28,0,22.84999975,0
2008-08-29,0,23.5600001,0
2008-08-30,0,24.48000018,0
2008-08-31,0,25.09000015,0
2008-09-01,0.400000006,23.81666629,0
2008-09-02,0.366666675,22.90666707,0
2008-09-03,6.633333524,20.89666684,0
2008-09-04,4.566666603,17.77333387,0
2008-09-05,11.66666635,23.52000046,0
2008-09-06,0,22.31999969,0
2008-09-07,0,22.97333272,0
2008-09-08,0,22.3799998,0
2008-09-09,0,23.09333356,0
2008-09-10,0,22.59666634,0
2008-09-11,0,22.55333328,0
2008-09-12,0,24.95999972,0
2008-09-13,0,25.13333321,0
2008-09-14,0,24.3233331,0
2008-09-15,0,26.57666715,0
2008-09-16,0,27.59333356,0
2008-09-17,0,24.35666593,0
2008-09-18,3.366666635,24.96333313,0
2008-09-19,0,26.17333285,0
2008-09-20,0,27.78333346,0
2008-09-21,0,27.99333318,0
2008-09-22,0,26.20666631,0
2008-09-23,0,26.0733331,0
2008-09-24,0,25.81999969,0
2008-09-25,4.266666651,23.59666634,0
2008-09-26,0,24.30999947,0
2008-09-27,0,26.26000023,0
2008-09-28,0,27.76666641,0
2008-09-29,0,30.55666669,0
2008-09-30,0,27.17000008,0
2008-10-01,0,26.22333399,0
2008-10-02,0,25.70333354,0
2008-10-03,0,27.37666702,0
2008-10-04,0,27.23333359,0
2008-10-05,0,28.25,0
2008-10-06,0,30.29666646,0
2008-10-07,0,29.73666636,0
2008-10-08,0,24.84666697,0
2008-10-09,0.033333334,23.45333354,0
2008-10-10,5.099999905,19.74000041,0
2008-10-11,18.83333333,22.88333321,0
2008-10-12,1.433333317,22.3566672,0
2008-10-13,0.333333338,25.59999975,0
2008-10-14,0.666666687,27.84666697,0
2008-10-15,0,28.93999926,0
2008-10-16,5.766666571,25.65000025,0
2008-10-17,35.5333341,24,0
2008-10-18,0,24.59666634,0
2008-10-19,0,24.54999987,0
2008-10-20,0,26.263333,0
2008-10-21,0,27.70333354,0
2008-10-22,0.066666668,27.86666679,0
2008-10-23,0,24.10999997,0
2008-10-24,0,24.78333346,0
2008-10-25,0,25.75333405,0
2008-10-26,0,26.36666679,0
2008-10-27,0,26.27666664,0
2008-10-28,0,27.32000033,0
2008-10-29,0,27.78333346,0
2008-10-30,0,28.39333344,0
2008-10-31,0,29.31666692,0
2008-11-01,0,30.86333402,0
2008-11-02,0,27.6200002,0
2008-11-03,0.100000001,28.96000036,0
2008-11-04,0,32.90333303,0
2008-11-05,0,29.53000005,0
2008-11-06,0.300000012,31.66333262,0
2008-11-07,0,32.05333328,0
2008-11-08,0,28.48000018,0
2008-11-09,26.20000076,27.33666674,0
2008-11-10,0.066666668,27.44666672,0
2008-11-11,0,28.06999969,0
2008-11-12,0,28.22333272,0
2008-11-13,0,29.04666646,0
2008-11-14,0,30.12333361,0
2008-11-15,0,30.94333331,0
2008-11-16,0,31.59000015,0
2008-11-17,5.066666603,27.95999972,0
2008-11-18,0.333333338,26.89666621,0
2008-11-19,0,30.30333265,0
2008-11-20,1.599999984,31.16666667,0
2008-11-21,2.566666683,31.38666662,0
2008-11-22,0,28.50333341,0
2008-11-23,0.300000007,27.37333361,0
2008-11-24,0,30.41666667,0
2008-11-25,0,31.96333377,0
2008-11-26,0,30.5733331,0
2008-11-27,0.066666668,28.8100001,0
2008-11-28,0,29.9399999,0
2008-11-29,16.63333321,26.51000023,0
2008-11-30,0,29.89000003,0
2008-12-01,0,30.93333308,0
2008-12-02,0,31.37666702,0
2008-12-03,0,32.14000003,0
2008-12-04,2.466666619,33.10666656,0
2008-12-05,0.066666668,33.16333262,0
2008-12-06,0,34.33333333,0
2008-12-07,0,32.87666702,0
2008-12-08,17.10000006,24.25,0
2008-12-09,17.26666641,29.77666664,0
2008-12-10,0,31.06333351,0
2008-12-11,1.299999992,31.91333326,0
2008-12-12,0,30.98333295,0
2008-12-13,0,33.13000107,0
2008-12-14,17.36666679,30.82000033,0
2008-12-15,0,30.04333305,0
2008-12-16,0,29.89999962,0
2008-12-17,0,30.63666662,0
2008-12-18,0,31.81333288,0
2008-12-19,0,33.15000025,0
2008-12-20,0,30.74666659,0
2008-12-21,15.79999987,27.57333374,0
2008-12-22,0,28.3233331,0
2008-12-23,0,29.19666672,0
2008-12-24,0,31.77333323,0
2008-12-25,0,32.85000102,0
2008-12-26,26.96666718,31.19666672,0
2008-12-27,0.100000001,31.13333321,0
2008-12-28,0.100000004,25.61333338,0
2008-12-29,1.799999992,32.29666773,0
2008-12-30,0,35.0333341,0
2008-12-31,0,37.30000051,0
2009-01-01,0.700000008,34.85333252,0
2009-01-02,8.133333365,24.56333288,0
2009-01-03,32.76666641,29.04333305,0
2009-01-04,0.100000001,26.42666626,0
2009-01-05,0,28.75999959,0
2009-01-06,0,30.35333379,0
2009-01-07,0,29.5,0
2009-01-08,0.166666672,30.03000005,0
2009-01-09,27.26666705,27.79999987,0
2009-01-10,1.799999992,26.54999987,0
2009-01-11,0,28.68333371,0
2009-01-12,0,28.44666735,0
2009-01-13,0,26.78999964,0
2009-01-14,0.233333337,29.72666677,0
2009-01-15,0,28.80666606,0
2009-01-16,0,32.2966671,0
2009-01-17,0,33.49000041,0
2009-01-18,0.733333314,27.15333366,0
2009-01-19,0.033333334,28.86333338,0
2009-01-20,0,29.81333288,0
2009-01-21,0.266666676,29.89666684,0
2009-01-22,9.433333079,31.58333397,0
2009-01-23,0,30.8100001,0
2009-01-24,8.799999873,28.82666588,0
2009-01-25,9.200000127,29.52000046,0
2009-01-26,9.699999809,29.53333346,0
2009-01-27,12.39999994,28.62666702,0.0099
2009-01-28,5.066666603,29.27333387,0.0572
2009-01-29,1.066666683,29.04333369,0.0727
2009-01-30,0.333333343,29.68666712,0.0373
2009-01-31,0.566666683,29.55333328,0.0068
2009-02-01,1.233333349,29.26999982,0
2009-02-02,0.400000006,26.18333308,0
2009-02-03,1.133333345,26.30333328,0
2009-02-04,0.100000001,30.1666673,0
2009-02-05,0.033333334,31.74666723,0
2009-02-06,0,31.13666662,0
2009-02-07,0,30.93666712,0
2009-02-08,0,31.82999929,0
2009-02-09,0,33.47666677,0
2009-02-10,1.399999976,24.87666639,0
2009-02-11,65.0333341,26.55333328,0
2009-02-12,5.133333365,29.29000028,0
2009-02-13,10.33333302,22.08666674,0
2009-02-14,27.96666654,25.54000028,0.3083
2009-02-15,22.86666679,30.14999962,2.9973
2009-02-16,0.100000001,30.45999972,0.8149
2009-02-17,1.866666675,25.38999939,0.3319
2009-02-18,1.866666655,28.99666659,0.1883
2009-02-19,0.766666676,30.96999995,0.1249
2009-02-20,0,31.73666636,0.0876
2009-02-21,0,30.97666677,0.0615
2009-02-22,2.599999984,30.32666715,0.0404
2009-02-23,0.033333334,28.93666649,0.018
2009-02-24,0,29.76666641,0.0012
2009-02-25,0,27.89666684,0
2009-02-26,0,30.39666621,0
2009-02-27,0,29.56999969,0
2009-02-28,0,29.55333328,0
2009-03-01,0,31.95999972,0
2009-03-02,0,32.18999926,0
2009-03-03,0,30.81333288,0
2009-03-04,0.200000005,31.58000056,0
2009-03-05,0,28.88333321,0
2009-03-06,0,29.38999939,0
2009-03-07,0,27.75666682,0
2009-03-08,0,27.32666651,0
2009-03-09,1.033333341,23.78666687,0
2009-03-10,3.866666635,25.47000058,0
2009-03-11,1.066666683,26.16666667,0
2009-03-12,1.933333278,23.74999936,0
2009-03-13,6.100000064,23.78333346,0
2009-03-14,0,28.37666639,0
2009-03-15,0,29.78666623,0
2009-03-16,0,30.47666677,0
2009-03-17,0,30.05333328,0
2009-03-18,4.26666673,27.8799998,0
2009-03-19,0.266666676,24.92333349,0
2009-03-20,0.866666665,28.06999969,0
2009-03-21,0.366666675,28.51333364,0
2009-03-22,0,28.20333354,0
2009-03-23,0,28.86333338,0
2009-03-24,0.100000001,28.12333361,0
2009-03-25,0,28.10000038,0
2009-03-26,0,27.44333331,0
2009-03-27,0,28.97333336,0
2009-03-28,0,27.87333361,0
2009-03-29,1.266666691,27.85999997,0
2009-03-30,0,29.09999975,0
2009-03-31,12.16666667,29.70000013,0
2009-04-01,0,30.78333282,0
2009-04-02,0,31.36666679,0
2009-04-03,0,30.66666667,0
2009-04-04,2.366666714,28.95666695,0
2009-04-05,10.80000019,27.46999995,0
2009-04-06,4.866666555,27.70999972,0
2009-04-07,2.23333327,27.2966671,0
2009-04-08,0,25.56666629,0
2009-04-09,0,25.91333326,0
2009-04-10,0.033333334,24.67000008,0
2009-04-11,0.133333335,24.90000025,0
2009-04-12,0.166666672,27.78666623,0
2009-04-13,1.966666619,24.14666684,0
2009-04-14,11.26666673,25.46666654,0
2009-04-15,7.633333365,27.24666659,0
2009-04-16,0,27.29999987,0
2009-04-17,0,27.03333346,0
2009-04-18,0,27.46999995,0
2009-04-19,0.033333334,25.81666629,0
2009-04-20,0,25.80333328,0
2009-04-21,0,25.77666664,0
2009-04-22,0,25.34333293,0
2009-04-23,0,25.48666636,0
2009-04-24,0,26.38333321,0
2009-04-25,0,28.13999939,0
2009-04-26,0,28.14999962,0
2009-04-27,0,26.46999995,0
2009-04-28,0,25.32999992,0
2009-04-29,0,24.58333333,0
2009-04-30,0,25.66333389,0
2009-05-01,0,24.91666667,0
2009-05-02,0.033333334,23.98000018,0
2009-05-03,0,24.93333371,0
2009-05-04,0,23.19666672,0
2009-05-05,0.100000001,23.66000048,0
2009-05-06,0,24.16333326,0
2009-05-07,0,22.10333316,0
2009-05-08,0.066666668,23.93000031,0
2009-05-09,1,23.56333351,0
2009-05-10,0,24.18333308,0
2009-05-11,0,20.46666654,0
2009-05-12,10.86666679,18.44666672,0
2009-05-13,2.533333381,22.75,0
2009-05-14,0,23.82666715,0
2009-05-15,0,23.81666629,0
2009-05-16,0,24.09000015,0
2009-05-17,0,23.14000066,0
2009-05-18,0,23.55333328,0
2009-05-19,16.96666654,19.18666712,0
2009-05-20,4.5,22.67333349,0
2009-05-21,0,20.55666606,0
2009-05-22,0,20.35666656,0
2009-05-23,0,22.75666618,0
2009-05-24,0.866666675,21.87333298,0
2009-05-25,0.100000001,22.57666588,0
2009-05-26,0.133333335,21.21666654,0
2009-05-27,0.066666668,21.34666634,0
2009-05-28,0,22.9399999,0
2009-05-29,0,23.74333318,0
2009-05-30,0,23.51333364,0
2009-05-31,0,22.13666662,0
2009-06-01,0,20.81666692,0
2009-06-02,0.366666675,22.59333293,0
2009-06-03,0.166666669,22.40999985,0
2009-06-04,0,23.23333359,0
2009-06-05,0.100000001,23.55000051,0
2009-06-06,0.366666675,23.04333369,0
2009-06-07,2.099999984,23.50333341,0
2009-06-08,0,20.74666659,0
2009-06-09,0,20.67999967,0
2009-06-10,0,19.36999957,0
2009-06-11,0,17.14333344,0
2009-06-12,0,18.62666639,0
2009-06-13,0,21.63666662,0
2009-06-14,0,23.50333341,0
2009-06-15,0,23.73333359,0
2009-06-16,1.166666667,20.76999982,0
2009-06-17,0,20.41333326,0
2009-06-18,0,19.9266669,0
2009-06-19,0,22.1066672,0
2009-06-20,0,22.24333318,0
2009-06-21,0.700000008,21.76666705,0
2009-06-22,8.23333327,21.82999992,0
2009-06-23,0,23.99333382,0
2009-06-24,0,22.42666626,0
2009-06-25,0,21.59333356,0
2009-06-26,0,20.37333298,0
2009-06-27,5.233333429,20.70666631,0
2009-06-28,0,20.29000028,0
2009-06-29,0,20.1200002,0
2009-06-30,0,20.89666684,0
2009-07-01,0,23.02000046,0
2009-07-02,0,24.80333328,0
2009-07-03,0,19.5600001,0
2009-07-04,0,17.93333308,0
2009-07-05,0,18.73333359,0
2009-07-06,0,17.66666667,0
2009-07-07,0,21.96000036,0
2009-07-08,0,21.37333361,0
2009-07-09,0,20.30000051,0
2009-07-10,0.033333334,20.04999987,0
2009-07-11,0,20.94666672,0
2009-07-12,0,21.88999939,0
2009-07-13,0,22.93666649,0
2009-07-14,0,22.06333351,0
2009-07-15,0,19.02000046,0
2009-07-16,0,17.04666646,0
2009-07-17,0,17.09333356,0
2009-07-18,0,19.70333354,0
2009-07-19,0,20.67999967,0
2009-07-20,0,22.89666621,0
2009-07-21,0,22.99333318,0
2009-07-22,0,21.46333377,0
2009-07-23,0,24.32999992,0
2009-07-24,0,20.35999934,0
2009-07-25,0,21.26666705,0
2009-07-26,0,22.04666646,0
2009-07-27,0,22.47333336,0
2009-07-28,0,21.37333361,0
2009-07-29,0,21.00333277,0
2009-07-30,0,20.986667,0
2009-07-31,0,20.55666669,0
2009-08-01,0,21.28666687,0
2009-08-02,0,21.9399999,0
2009-08-03,0,22.28000005,0
2009-08-04,0,22.99333382,0
2009-08-05,0,23.41999944,0
2009-08-06,0,23.06999969,0
2009-08-07,0,23.38999939,0
2009-08-08,0,24.16666603,0
2009-08-09,0,22.78000005,0
2009-08-10,0,23.26333364,0
2009-08-11,0,24.23333359,0
2009-08-12,0,27.21666718,0
2009-08-13,0,27.69666672,0
2009-08-14,0,27.24000041,0
2009-08-15,0,25.3799998,0
2009-08-16,0,26.52000046,0
2009-08-17,0,26.60666656,0
2009-08-18,0,24.30333328,0
2009-08-19,0,23.40000025,0
2009-08-20,0,24.43666712,0
2009-08-21,0,26.20666631,0
2009-08-22,0,28.81666692,0
2009-08-23,0,31.61333338,0
2009-08-24,0,32.09000015,0
2009-08-25,0,30.0600001,0
2009-08-26,0,28.19666672,0
2009-08-27,0,28.31666692,0
2009-08-28,0.733333329,28.78666687,0
2009-08-29,0,30.75666682,0
2009-08-30,0,30.49333318,0
2009-08-31,0,21.71333313,0
2009-09-01,0.200000003,24.15333303,0
2009-09-02,0,24.25333341,0
2009-09-03,0,24.92333349,0
2009-09-04,0,25.01333364,0
2009-09-05,2.033333381,26.82333374,0
2009-09-06,0,27.35666656,0
2009-09-07,0,27.32000033,0
2009-09-08,17.36666679,25.11333338,0
2009-09-09,0,24.92666626,0
2009-09-10,0,26.33666674,0
2009-09-11,0,25.80333328,0
2009-09-12,0,26.07999992,0
2009-09-13,0,26.15333303,0
2009-09-14,0,26.18666649,0
2009-09-15,0,26.87666639,0
2009-09-16,0,27.45666631,0
2009-09-17,0,26.6899999,0
2009-09-18,0.166666672,27.82666715,0
2009-09-19,0,29.64333344,0
2009-09-20,0,30.88333321,0
2009-09-21,0,31.58666611,0
2009-09-22,0,30.3233331,0
2009-09-23,0,30.31666629,0
2009-09-24,0,27.72333336,0
2009-09-25,0,29.85000038,0
2009-09-26,0,29.81999969,0
2009-09-27,0,24.986667,0
2009-09-28,0,24.98333359,0
2009-09-29,0,26.12666702,0
2009-09-30,0,28.39333344,0
2009-10-01,0,28.63333321,0
2009-10-02,0,30.22333272,0
2009-10-03,0.666666667,30.27333323,0
2009-10-04,0,29.04333305,0
2009-10-05,0,28.28000005,0
2009-10-06,0,27.90666644,0
2009-10-07,0,28.62666639,0
2009-10-08,2.366666714,24.5466671,0
2009-10-09,0,25.85333316,0
2009-10-10,0,26.26000023,0
2009-10-11,0,25.52666728,0
2009-10-12,0.366666667,28.84666697,0
2009-10-13,0,30.21333313,0
2009-10-14,1.166666687,31.4266669,0
2009-10-15,0,30.3700002,0
2009-10-16,0,31.1899999,0
2009-10-17,0,27.57000033,0
2009-10-18,0,26.43000031,0
2009-10-19,0.033333334,26.25,0
2009-10-20,0,28.08666674,0
2009-10-21,0,29.6299998,0
2009-10-22,0,29.54666646,0
2009-10-23,0,29.07666651,0
2009-10-24,0,30.70666695,0
2009-10-25,0,31.76666578,0
2009-10-26,0,27.73333295,0
2009-10-27,11.86666679,28.28333346,0
2009-10-28,0.200000003,27.85333316,0
2009-10-29,0,27.15000025,0
2009-10-30,0.066666668,27.40999921,0
2009-10-31,0,28.29333305,0
2009-11-01,0,28.05666669,0
2009-11-02,0,28.99333382,0
2009-11-03,0,30.88333321,0
2009-11-04,0,32.91999944,0
2009-11-05,0,32.4199988,0
2009-11-06,0.066666668,29.48999977,0
2009-11-07,0.400000006,28.43666649,0
2009-11-08,0.566666673,26.64666621,0
2009-11-09,0.066666668,26.51999982,0
2009-11-10,2.599999984,25.12666702,0
2009-11-11,0,28.19333331,0
2009-11-12,0,29.78666687,0
2009-11-13,0,31.6066672,0
2009-11-14,17.23333327,29.11666679,0
2009-11-15,0,30.62666639,0
2009-11-16,0,32.70999908,0
2009-11-17,0,34.65000025,0
2009-11-18,0,34.61666743,0
2009-11-19,0.100000001,34.05333328,0
2009-11-20,0,34.12333425,0
2009-11-21,0,32.98333359,0
2009-11-22,0,33.06999969,0
2009-11-23,0,32.40333303,0
2009-11-24,1.300000012,29.72999954,0
2009-11-25,7.100000064,29.44333267,0
2009-11-26,1.433333357,30.14666684,0
2009-11-27,0,33.45666631,0
2009-11-28,0,34.08333333,0
2009-11-29,0,34.14000066,0
2009-11-30,13.23333327,32.53666751,0
2009-12-01,0,32.55666606,0
2009-12-02,0.466666679,28.42000008,0
2009-12-03,25.90000025,28.78666687,0
2009-12-04,0,30.65000025,0
2009-12-05,0,31.40666644,0
2009-12-06,0,32.81666565,0
2009-12-07,0,32.71999995,0
2009-12-08,0,33.83666611,0
2009-12-09,0,34.02000046,0
2009-12-10,0,34.64333344,0
2009-12-11,0,34.96333313,0
2009-12-12,0,33.43333435,0
2009-12-13,0,31.58333397,0
2009-12-14,0.266666671,30.74333318,0
2009-12-15,9.73333327,29.76000023,0
2009-12-16,0,30.34000015,0
2009-12-17,0,30.64999962,0
2009-12-18,0,31.87666766,0
2009-12-19,0,31.26999982,0
2009-12-20,3.466666698,28.78000005,0
2009-12-21,14.06666692,30.28000005,0
2009-12-22,1.533333341,31.11333402,0
2009-12-23,11.36666679,30.54666646,0
2009-12-24,0.233333329,31.54666583,0
2009-12-25,0,31.69000053,0
2009-12-26,6.666666667,31.33666674,0
2009-12-27,10.03333346,27.03999964,0
2009-12-28,17.63333384,26.88333321,0
2009-12-29,10.90000025,28.8933328,0
2009-12-30,11.06666692,28.64000003,0
2009-12-31,1.5,30.1433328,0
2010-01-01,5.299999952,26.78666687,0
2010-01-02,2.633333365,29.32666715,0
2010-01-03,2.333333333,30.67333285,0
2010-01-04,44.06666692,24.20666695,0
2010-01-05,17.60000038,25.74333318,0
2010-01-06,9.966666857,27.63666725,0
2010-01-07,11.20000013,25.09000015,0
2010-01-08,8.033333302,26.40000025,0
2010-01-09,0.966666659,28.94666672,0
2010-01-10,1.766666651,29.58666674,0
2010-01-11,0,29.57999992,0
2010-01-12,0,30.01999982,0
2010-01-13,0,30.44666672,0
2010-01-14,0,30.38666598,0
2010-01-15,0,29.8100001,0
2010-01-16,0,30.30666606,0
2010-01-17,0,32.15000025,0
2010-01-18,0,33.98333232,0
2010-01-19,0,32.30333328,0
2010-01-20,0,30.97333272,0
2010-01-21,0,31.9066658,0
2010-01-22,0,30.84666697,0
2010-01-23,0,30.80666669,0
2010-01-24,0,31.05666669,0
2010-01-25,0,31.56999969,0
2010-01-26,0,32.3100001,0
2010-01-27,0,32.94333267,0
2010-01-28,0,32.88333384,0
2010-01-29,0,32.26000086,0
2010-01-30,0,31.71666654,0
2010-01-31,8.46666654,23.03000005,0
2010-02-01,41.70000076,23.37666639,0
2010-02-02,52.96666718,24.51666641,2.1121
2010-02-03,9.200000127,25.65666707,1.856
2010-02-04,7.033333302,26.0600001,1.1313
2010-02-05,10.53333346,29.4266669,1.8368
2010-02-06,10.89999994,29.67333349,3.4324
2010-02-07,6.5,27.59333356,0.9162
2010-02-08,32.26666641,27.93666649,2.932
2010-02-09,7.866666635,28.96666718,2.1998
2010-02-10,0,28.92999967,0.8242
2010-02-11,1.133333325,26.48666636,0.3363
2010-02-12,2.533333341,29.21666654,0.1877
2010-02-13,0,28.80000051,0.1417
2010-02-14,1.200000028,30.31999969,0.11
2010-02-15,1.566666643,29.82666651,0.0914
2010-02-16,10.03333346,29.21333313,0.0802
2010-02-17,16.26666609,26.76999982,0.0783
2010-02-18,34.06666692,23.91666667,0.207
2010-02-19,19.90000025,25.90999985,12.1731
2010-02-20,0.533333341,26.76333364,2.9998
2010-02-21,0.100000001,27.54666646,0.6315
2010-02-22,0,29.3233331,0.2822
2010-02-23,0,31.24333382,0.143
2010-02-24,3.26666673,30.60666656,0.0895
2010-02-25,12.59999975,24.52333323,0.0653
2010-02-26,9.000000159,27.44000053,1.3955
2010-02-27,0,29.07000033,0.2841
2010-02-28,1,30.25666682,0.1082
2010-03-01,4.699999968,27.69333331,0.0696
2010-03-02,17.0666666,25.19333394,0.0603
2010-03-03,33.60000038,25.34666634,3.8644
2010-03-04,4.933333397,26.28000005,1.6646
2010-03-05,4.26666673,26.96999995,0.6098
2010-03-06,22.90000025,28.66666667,6.0262
2010-03-07,0.299999992,25.67000008,2.3608
2010-03-08,5.233333429,27.06999969,0.7142
2010-03-09,2.099999984,29.13666725,0.5899
2010-03-10,0.033333334,29.78999964,0.3412
2010-03-11,1.233333349,25.31666692,0.1983
2010-03-12,1.5,24.84333356,0.1349
2010-03-13,1.999999921,25.30333392,0.1088
2010-03-14,2.766666651,25.30333328,0.0963
2010-03-15,0.766666671,26.79666646,0.0783
2010-03-16,0.100000001,26.44333331,0.0696
2010-03-17,0.933333317,26.86333338,0.0615
2010-03-18,0.966666659,26.3700002,0.0572
2010-03-19,0.466666669,26.05000051,0.0553
2010-03-20,1,25.04000028,0.0528
2010-03-21,22.40000025,25.23000018,0.0547
2010-03-22,9.03333346,23.79999987,1.3202
2010-03-23,0.133333335,27.48333295,0.6987
2010-03-24,0.733333329,27.80333328,0.1933
2010-03-25,2.066666683,26.88000043,0.1044
2010-03-26,0,26.56333288,0.087
2010-03-27,0.366666675,27.35666656,0.0721
2010-03-28,1.466666659,25.6899999,0.0646
2010-03-29,4,27.5833327,0.0597
2010-03-30,0.033333334,27.62666702,0.0584
2010-03-31,0.200000003,27.92000008,0.0541
2010-04-01,1.50000002,25.85999997,0.051
2010-04-02,0,27.65333303,0.051
2010-04-03,0,26.93666649,0.0491
2010-04-04,0,27.0466671,0.0472
2010-04-05,0,27.04000028,0.0441
2010-04-06,0.033333334,24.91333262,0.041
2010-04-07,0,27.3233331,0.0392
2010-04-08,0.200000003,29.26333364,0.0385
2010-04-09,0,30.32666651,0.0379
2010-04-10,0.133333335,29.34000015,0.0367
2010-04-11,2.400000016,30.95000013,0.0392
2010-04-12,48.16666667,27.62666702,0.6906
2010-04-13,4.999999841,18.58999952,1.1499
2010-04-14,3.800000032,25.28333346,0.5576
2010-04-15,0.100000004,25.53666687,0.2754
2010-04-16,0,25.5,0.128
2010-04-17,0,24.76666641,0.0789
2010-04-18,0.799999992,25.80333392,0.0597
2010-04-19,0.300000004,24.0600001,0.0491
2010-04-20,1.933333397,25.19333331,0.0435
2010-04-21,3.266666651,26.42333349,0.0404
2010-04-22,0.533333334,26.05666606,0.0392
2010-04-23,0,26.15333303,0.0392
2010-04-24,0,27.04666646,0.0361
2010-04-25,0,28.57999992,0.0336
2010-04-26,0,24.71333313,0.0329
2010-04-27,0,24.55666606,0.0292
2010-04-28,0,25.93666712,0.028
2010-04-29,0,27.22666677,0.0267
2010-04-30,0,26.37666702,0.0255
2010-05-01,0.066666668,25.5733331,0.0249
2010-05-02,0.066666668,25.48666636,0.0249
2010-05-03,0,25.41333326,0.0249
2010-05-04,1.566666643,24.6899999,0.0242
2010-05-05,0,26.36333338,0.0249
2010-05-06,0.533333341,24.37666702,0.0255
2010-05-07,0,23.64000066,0.0242
2010-05-08,0,24.14333344,0.0236
2010-05-09,0,24.05333328,0.023
2010-05-10,0,24.65666644,0.0218
2010-05-11,0,25.57999992,0.0218
2010-05-12,0.033333334,25.98333295,0.0218
2010-05-13,0,22.15333303,0.0218
2010-05-14,0,23.013333,0.0211
2010-05-15,0,22.36999957,0.0205
2010-05-16,0.266666676,18.60999934,0.0193
2010-05-17,0.233333339,14.57333342,0.0193
2010-05-18,1.033333321,20.66000048,0.0211
2010-05-19,0,21.45666695,0.0224
2010-05-20,0,21.18666649,0.0218
2010-05-21,0,23.02000046,0.0205
2010-05-22,0,22.90666644,0.0199
2010-05-23,0,22.65000025,0.0186
2010-05-24,0,23.14666621,0.018
2010-05-25,1.666666667,19.36666679,0.0193
2010-05-26,7.866666476,22.49333382,0.0236
2010-05-27,0,20.67999967,0.0261
2010-05-28,0,20.8233331,0.0273
2010-05-29,1.299999952,22.49333318,0.023
2010-05-30,0,19.986667,0.0205
2010-05-31,0,19.90666707,0.0193
2010-06-01,0,20.94666672,0.0199
2010-06-02,0,21.90666707,0.0186
2010-06-03,0,21.20666631,0.0168
2010-06-04,0,21.92000008,0.0162
2010-06-05,0,21.96999995,0.0162
2010-06-06,0,20.23333359,0.0162
2010-06-07,0,19.79000028,0.0162
2010-06-08,0,22.49666659,0.0149
2010-06-09,0,23.18333308,0.0143
2010-06-10,0,16.64666621,0.0143
2010-06-11,0,17.1299998,0.0131
2010-06-12,0,17.98666636,0.0118
2010-06-13,0,18.40333366,0.0118
2010-06-14,0.266666676,18.29999987,0.0112
2010-06-15,8.299999714,19.67666626,0.0131
2010-06-16,0,21.8333327,0.0143
2010-06-17,0.100000001,22.64666684,0.0155
2010-06-18,0,21.92333412,0.0193
2010-06-19,2.099999984,13.9266669,0.018
2010-06-20,1.399999976,20.00000064,0.018
2010-06-21,0,22.24666659,0.0168
2010-06-22,0.066666668,21.09666634,0.0155
2010-06-23,1.900000016,20.763333,0.0168
2010-06-24,1.266666651,20.13666662,0.0168
2010-06-25,0.166666669,21.96333377,0.0162
2010-06-26,0,23.41666667,0.0162
2010-06-27,0,22.68333371,0.0162
2010-06-28,0,19.65333303,0.0168
2010-06-29,0,20.89666684,0.0149
2010-06-30,0,24.3233331,0.0137
2010-07-01,0,21.34999975,0.0118
2010-07-02,0,15.76999982,0.0081
2010-07-03,6.933333397,16.65333335,0.0062
2010-07-04,0,19.81333351,0.0106
2010-07-05,0,21.62333361,0.0124
2010-07-06,0,22.44333331,0.0149
2010-07-07,0.100000001,15.89000003,0.018
2010-07-08,3,13.42333349,0.0168
2010-07-09,3.966666698,19.76000023,0.018
2010-07-10,0.333333343,21.49333318,0.0199
2010-07-11,0,22.81333288,0.0199
2010-07-12,0,22.91333326,0.0205
2010-07-13,0,22.29999987,0.0205
2010-07-14,0,22.39666684,0.0186
2010-07-15,0,20.35000038,0.0162
2010-07-16,0,20.03666687,0.0118
2010-07-17,0,21.81999969,0.005
2010-07-18,0,20.98000018,0.0012
2010-07-19,0.699999988,24.10999997,0
2010-07-20,5.400000095,20.39000003,0
2010-07-21,0,18.61333338,0
2010-07-22,0,18.30999947,0
2010-07-23,0,20.4399999,0
2010-07-24,0,21.72333272,0
2010-07-25,0,21.32666651,0
2010-07-26,0,21.79333305,0
2010-07-27,0,19.9266669,0
2010-07-28,0,20.93333308,0
2010-07-29,10.36666679,25.10333316,0
2010-07-30,0,25.32666715,0
2010-07-31,0,26.50666682,0
2010-08-01,0,22.77666601,0
2010-08-02,0,19.92333349,0
2010-08-03,0,18.87333298,0
2010-08-04,0,21.50333341,0
2010-08-05,0,19.74333318,0
2010-08-06,0,20.73333359,0
2010-08-07,0,19.8799998,0
2010-08-08,0,22.05333328,0
2010-08-09,0,22.87666702,0
2010-08-10,1.633333325,23.32666651,0
2010-08-11,68.86666616,17.55333328,0.0354
2010-08-12,0.600000004,18.40000025,0.6377
2010-08-13,0,18.40000025,0.0908
2010-08-14,0,21.61333338,0.0385
2010-08-15,0,23.59666697,0.0273
2010-08-16,0,23.02333323,0.0236
2010-08-17,0,22.03000005,0.0205
2010-08-18,0,23.71999995,0.0186
2010-08-19,0,27.3799998,0.0162
2010-08-20,0,20.3100001,0.0149
2010-08-21,1.833333333,21.00666682,0.0143
2010-08-22,0,22.14333344,0.0149
2010-08-23,0,25.13666662,0.0131
2010-08-24,2.433333317,19.8700002,0.0118
2010-08-25,1.200000008,14.78666655,0.0106
2010-08-26,6.699999968,14.24666691,0.0137
2010-08-27,0.433333337,19.80000051,0.0193
2010-08-28,0,21.2033329,0.0199
2010-08-29,0,22.3700002,0.0193
2010-08-30,0,22.34000015,0.018
2010-08-31,0,22.71999995,0.0149
2010-09-01,0,22.88333384,0.0106
2010-09-02,0,24.79000028,0.0031
2010-09-03,0,26.79000028,6e-04
2010-09-04,0,25.10666656,0
2010-09-05,11.4333334,23.42000008,0
2010-09-06,68.43333181,20.49333318,1.8038
2010-09-07,1.933333278,22.28333282,2.9842
2010-09-08,0,24.44666608,0.2921
2010-09-09,0,24.36666679,0.1044
2010-09-10,0.033333334,24.29999987,0.0659
2010-09-11,0,24.24000041,0.0535
2010-09-12,0,24.25666682,0.0448
2010-09-13,0,26.47000058,0.0398
2010-09-14,0,27.88333321,0.0379
2010-09-15,0,25.78333282,0.0379
2010-09-16,0.100000001,24.71333377,0.0354
2010-09-17,0,20.28666623,0.0323
2010-09-18,0.100000001,18.10000038,0.0305
2010-09-19,0,23.09666634,0.0298
2010-09-20,0,18.32666651,0.0298
2010-09-21,27.33333333,21.33999952,0.0479
2010-09-22,6.100000064,20.60333379,0.082
2010-09-23,9.199999968,20.60666656,0.0566
2010-09-24,0.266666668,23.25666618,0.0559
2010-09-25,3.033333302,20.39666684,0.0535
2010-09-26,0.600000004,22.43666649,0.0466
2010-09-27,1.066666683,26.09000015,0.0479
2010-09-28,0.333333338,23.20333354,0.0472
2010-09-29,11.63333321,26.80666606,0.2667
2010-09-30,1.033333361,24.04333305,0.1069
2010-10-01,0,22.53333346,0.0684
2010-10-02,0,23.81999969,0.0497
2010-10-03,0,26.1200002,0.0416
2010-10-04,0,27.51666641,0.0392
2010-10-05,4.300000032,28.19666672,0.0385
2010-10-06,0,27.31333351,0.0379
2010-10-07,0,28.1299998,0.0367
2010-10-08,0,23.98666636,0.0367
2010-10-09,1.133333325,22.74333318,0.0361
2010-10-10,0.166666669,22.15333303,0.0361
2010-10-11,3.466666698,23.24000041,0.0354
2010-10-12,17.20000013,22.34666634,0.041
2010-10-13,0.700000008,24.14666684,0.2082
2010-10-14,0,25.29999987,0.1461
2010-10-15,0,23.58666674,0.087
2010-10-16,18.89999962,20.68666649,0.0895
2010-10-17,0,21.15666644,0.598
2010-10-18,0,23.07666651,0.1535
2010-10-19,0,25.33333333,0.0883
2010-10-20,0,24.44333331,0.0665
2010-10-21,0.633333345,21.69666672,0.0559
2010-10-22,0,24.65333303,0.0503
2010-10-23,0,26.10333379,0.0485
2010-10-24,0,26.97333336,0.0479
2010-10-25,5.26666673,26.6200002,0.0441
2010-10-26,0,27.70666631,0.0435
2010-10-27,1.300000012,27.1433328,0.0423
2010-10-28,0.066666668,27.69333331,0.0404
2010-10-29,0,26.53000005,0.0379
2010-10-30,0,26.0600001,0.0348
2010-10-31,0,25.8700002,0.0329
2010-11-01,0,23.05666669,0.0311
2010-11-02,0,26.06666692,0.0305
2010-11-03,0,26.36333338,0.0298
2010-11-04,8.76666673,20.20666695,0.0286
2010-11-05,22.43333308,24.67666626,0.0466
2010-11-06,0,27.05333265,0.0908
2010-11-07,0,27.31333351,0.0659
2010-11-08,0,22.81666629,0.0435
2010-11-09,22.59999975,25.1666673,0.041
2010-11-10,8.266666889,26.15666644,1.9971
2010-11-11,0.200000003,26.1200002,0.3568
2010-11-12,0.200000003,27.14000003,0.1566
2010-11-13,1.733333349,27.62666639,0.097
2010-11-14,0.266666676,25.64666684,0.0715
2010-11-15,2.333333294,27.56333351,0.0622
2010-11-16,0,26.42666626,0.0566
2010-11-17,0,26.32666651,0.0522
2010-11-18,0.133333335,24.50333341,0.046
2010-11-19,0,24.93666649,0.0435
2010-11-20,3.133333365,19.96333377,0.0404
2010-11-21,23.66666667,22.83333333,0.0448
2010-11-22,5.96666654,24.98000081,0.3636
2010-11-23,0.866666675,24.45000013,0.3935
2010-11-24,1.366666635,26.82666715,0.1678
2010-11-25,0,25.93666649,0.1057
2010-11-26,0.733333329,25.89666684,0.0789
2010-11-27,3.599999984,26.66333326,0.0634
2010-11-28,1.366666675,24.37333361,0.0572
2010-11-29,2.099999984,25.75666618,0.0584
2010-11-30,2.599999984,24.84333293,0.0584
2010-12-01,7.433333556,24.64000003,0.0684
2010-12-02,2.99999996,26.40666707,0.0646
2010-12-03,1.966666659,21.56999969,0.0864
2010-12-04,18.66666667,23.86333338,0.8261
2010-12-05,4.333333413,29.20000013,0.7732
2010-12-06,10.83333333,28.79999987,0.7335
2010-12-07,10.13333321,28.87666702,1.7224
2010-12-08,1.233333309,29.05666669,0.5029
2010-12-09,2.300000032,28.84999975,0.2157
2010-12-10,0.266666676,29.13000043,0.1399
2010-12-11,0,27.22333336,0.11
2010-12-12,59.09999975,24.94333394,2.4727
2010-12-13,30.3333327,28.83666611,23.3007
2010-12-14,0,29.5733331,3.4746
2010-12-15,0,30.80333328,1.007
2010-12-16,1.766666691,31.85999997,0.524
2010-12-17,1.366666675,31.57666588,0.5035
2010-12-18,0.100000001,32.12333361,0.2859
2010-12-19,22.59999975,26.77000046,0.2685
2010-12-20,41.40000025,27.14666621,1.9369
2010-12-21,0,27.56999969,1.9226
2010-12-22,15.36666679,20.99000041,0.4743
2010-12-23,40.66666667,25.44999949,18.8862
2010-12-24,5.266666651,27.53333346,6.4402
2010-12-25,49.70000076,25.4266669,22.6803
2010-12-26,49.5,25.02333323,24.1696
2010-12-27,43.39999898,26.70666631,49.6862
2010-12-28,111.9333318,21.01999982,84.8386
2010-12-29,13.20000013,25.22333399,30.383
2010-12-30,2.833333333,28.83666674,9.1895
2010-12-31,0,28.46000036,5.4152
2011-01-01,0,29.19666608,3.3354
2011-01-02,7.599999905,29.05333328,2.7866
2011-01-03,2.666666706,30.11999957,1.9748
2011-01-04,20.13333384,28.82666651,2.2483
2011-01-05,0.899999996,29.14000003,1.8094
2011-01-06,21.59999975,26.80333328,3.4635
2011-01-07,16.16666667,24.79333305,5.5532
2011-01-08,13.23333327,26.99000041,4.016
2011-01-09,10.39999994,27.55666733,4.2541
2011-01-10,7.299999873,27.49666723,2.3956
2011-01-11,3.166666746,30.27999942,3.2241
2011-01-12,1.5,27.59999975,2.0015
2011-01-13,49.89999898,28.49333318,38.5692
2011-01-14,0.033333334,28.40999985,6.2152
2011-01-15,0.166666669,27.33666611,3.1409
2011-01-16,0,27.81999969,2.0257
2011-01-17,0,30.78000005,1.5061
2011-01-18,1.133333345,30.20333354,1.2046
2011-01-19,5.099999905,30.9266669,1.0424
2011-01-20,1.366666635,29.00333277,1.0262
2011-01-21,0.533333326,27.35333316,0.961
2011-01-22,8.800000191,27.84666697,0.9131
2011-01-23,1.266666651,26.73666636,0.7546
2011-01-24,0,28.25,0.6576
2011-01-25,0,29.96333313,0.5924
2011-01-26,0,29.87333298,0.5402
2011-01-27,0,29.36000061,0.5022
2011-01-28,0,30.25000064,0.4674
2011-01-29,0,26.46333313,0.4382
2011-01-30,2.566666683,28.2966671,0.4196
2011-01-31,1.766666651,28.64666621,0.4233
2011-02-01,4.666666587,29.02000046,0.4245
2011-02-02,1.866666675,29.78333282,0.45
2011-02-03,0.200000005,30.30333328,0.4308
2011-02-04,0,30.75333341,0.3667
2011-02-05,0.066666668,30.11333338,0.3357
2011-02-06,14.06666692,30.59333293,0.3618
2011-02-07,1.533333341,31.45333354,0.3879
2011-02-08,2.899999936,28.65333303,0.3493
2011-02-09,4.033333302,26.18666649,0.3232
2011-02-10,0.300000007,27.67999967,0.3133
2011-02-11,0,27.84999975,0.2921
2011-02-12,0,29.28333346,0.2629
2011-02-13,0,29.99333318,0.23
2011-02-14,1.166666667,27.59666697,0.2176
2011-02-15,20.23333359,28.36666679,0.3537
2011-02-16,0.166666669,28.89666621,0.3885
2011-02-17,4.700000127,29.42000008,0.289
2011-02-18,0.266666673,29.73999977,0.2828
2011-02-19,3.73333327,29.09333356,0.3064
2011-02-20,4.099999984,32.03333282,0.2754
2011-02-21,0,32.89666748,0.2424
2011-02-22,7.466666857,26.34666697,0.2082
2011-02-23,1.066666683,26.29666646,0.2126
2011-02-24,0,26.50999959,0.2008
2011-02-25,0,27.61000061,0.1796
2011-02-26,0,28.95666631,0.1722
2011-02-27,0,29.05333328,0.161
2011-02-28,0,29.88333257,0.1554
2011-03-01,0,31.65000025,0.1461
2011-03-02,0,31.4666659,0.1367
2011-03-03,1.699999968,30.09333356,0.1361
2011-03-04,36.63333384,27.22999954,0.1411
2011-03-05,23.26666641,27.31333351,0.1865
2011-03-06,58.06666692,22.72666677,3.7985
2011-03-07,0.300000012,26.46666718,1.4613
2011-03-08,0,26.28666687,0.4966
2011-03-09,0,27.04333369,0.3064
2011-03-10,0.366666675,27.62666639,0.2287
2011-03-11,0.066666668,27.64666621,0.1946
2011-03-12,11.13333321,23.02666664,0.1778
2011-03-13,2.199999968,24.42000008,0.1927
2011-03-14,5.300000032,26.18666649,0.2337
2011-03-15,30.90000025,25.10333379,3.1377
2011-03-16,5.333333333,26.95333354,2.7281
2011-03-17,1,27.34999975,0.9523
2011-03-18,0.566666668,25.6899999,0.6166
2011-03-19,1.166666667,27.03333346,0.4382
2011-03-20,32.06666629,27.01333364,2.7163
2011-03-21,13.16666667,27.82666651,1.5614
2011-03-22,8.366666635,31.20666631,4.1099
2011-03-23,0,30.03666623,1.9599
2011-03-24,0,29.6899999,0.7931
2011-03-25,0,26.16333326,0.5147
2011-03-26,0.100000001,26.98999977,0.4059
2011-03-27,0,25.60666656,0.3406
2011-03-28,1.533333341,24.07666651,0.3021
2011-03-29,0.333333343,23.99666659,0.2909
2011-03-30,8.600000064,24.31333351,0.2828
2011-03-31,10.83333365,23.53999964,0.4892
2011-04-01,2.866666635,25.71333313,0.5457
2011-04-02,1.033333321,24.50999959,0.391
2011-04-03,0,23.61333338,0.2977
2011-04-04,0,25.39999962,0.2548
2011-04-05,0,25.66666603,0.2287
2011-04-06,0.866666675,24.81000074,0.2101
2011-04-07,0,23.96999995,0.2014
2011-04-08,0,25.3333327,0.1927
2011-04-09,0.533333331,25.00999959,0.1834
2011-04-10,0.100000001,25.5466671,0.1809
2011-04-11,0,26.33666611,0.1784
2011-04-12,3.633333365,25.36999957,0.1803
2011-04-13,0.799999992,26.72999954,0.1753
2011-04-14,0,26.8933328,0.1709
2011-04-15,0,26.75666682,0.1629
2011-04-16,0,21.11999957,0.1548
2011-04-17,0.100000001,25.30666606,0.1529
2011-04-18,2.599999984,21.3799998,0.1548
2011-04-19,82.26666514,24.31666629,3.2049
2011-04-20,3.166666587,23.263333,6.0872
2011-04-21,0.833333353,26.45333354,1.0393
2011-04-22,0,26.78999964,0.5246
2011-04-23,1.466666659,27.013333,0.3313
2011-04-24,5.133333524,25.763333,0.2437
2011-04-25,1.133333325,24.14666684,0.2051
2011-04-26,0.666666687,24.64666684,0.1684
2011-04-27,0.633333325,20.87333361,0.1666
2011-04-28,2.033333381,20.39999962,0.1517
2011-04-29,0.033333334,23.33999952,0.1542
2011-04-30,0,23.97999954,0.1386
2011-05-01,0,24.54999987,0.1249
2011-05-02,0,25.07666651,0.1181
2011-05-03,0,25.46333249,0.11
2011-05-04,4.23333327,21.89666684,0.1069
2011-05-05,0,22.49666659,0.1094
2011-05-06,0,21.94666735,0.0995
2011-05-07,0,23.19666672,0.0926
2011-05-08,0,22.68333371,0.0901
2011-05-09,20.40000025,18.84000015,0.0908
2011-05-10,7.466666698,19.80666669,0.3742
2011-05-11,0,20.05666669,0.2536
2011-05-12,0,19.37666702,0.1312
2011-05-13,0,20.00666618,0.1013
2011-05-14,0,20.07999992,0.092
2011-05-15,0,20.21666718,0.0852
2011-05-16,0,21.7833341,0.0802
2011-05-17,0.600000024,21.79999924,0.0783
2011-05-18,0.133333335,21.38000043,0.0783
2011-05-19,0,22.14666621,0.0777
2011-05-20,0.699999998,23.12666639,0.0771
2011-05-21,5.266666571,22.76666641,0.0783
2011-05-22,1.033333341,23.71666654,0.0852
2011-05-23,2.133333286,23.53666687,0.0895
2011-05-24,0.633333338,20.44999949,0.0889
2011-05-25,0,16.39333375,0.0914
2011-05-26,0,19.04999987,0.0783
2011-05-27,0,20.05666606,0.0702
2011-05-28,0,20.99666659,0.0671
2011-05-29,0,20.75666682,0.0659
2011-05-30,0,21.17666626,0.0653
2011-05-31,0,18.6766669,0.0659
2011-06-01,0,19.68666649,0.0653
2011-06-02,0,21.84000015,0.0634
2011-06-03,0,21.85666656,0.0622
2011-06-04,0,22.24333318,0.0615
2011-06-05,0,23.21000036,0.0603
2011-06-06,0,23.6899999,0.0591
2011-06-07,0,23.84000015,0.0578
2011-06-08,0,21.37666639,0.0578
2011-06-09,0,13.09000015,0.0572
2011-06-10,0.433333347,14.34333356,0.0578
2011-06-11,2.600000064,13.59333324,0.0553
2011-06-12,21.09999975,19.21000036,0.0864
2011-06-13,0.333333343,19.44666608,0.1423
2011-06-14,0.300000007,18,0.082
2011-06-15,0,17.50333341,0.0665
2011-06-16,0,18.94333331,0.0603
2011-06-17,0,19.88333321,0.0578
2011-06-18,0,18.33333333,0.0566
2011-06-19,0,18.18333308,0.0535
2011-06-20,0,19.23000018,0.0503
2011-06-21,0,20.15666707,0.0491
2011-06-22,0,18.95999972,0.0491
2011-06-23,0,17.89333344,0.0491
2011-06-24,0,19.90999985,0.0485
2011-06-25,0,19.70999972,0.0466
2011-06-26,0.866666655,20.57000033,0.046
2011-06-27,0,20.65333303,0.0466
2011-06-28,0,21.25333341,0.0479
2011-06-29,0,19.72333336,0.0472
2011-06-30,1.700000048,20.13333384,0.0466
2011-07-01,0,19.51666641,0.046
2011-07-02,0,20.17999967,0.0472
2011-07-03,0,20.91666667,0.0472
2011-07-04,0,21.72666613,0.046
2011-07-05,0,22.05666669,0.0448
2011-07-06,0,20.70666695,0.0441
2011-07-07,0,21.24333382,0.0429
2011-07-08,0,19.29000028,0.041
2011-07-09,0,18.04666646,0.0404
2011-07-10,0,17.85999997,0.0392
2011-07-11,0,18.37333298,0.0392
2011-07-12,0,19.31333351,0.0379
2011-07-13,0,20.40666644,0.0373
2011-07-14,0,21.56666692,0.0373
2011-07-15,0.433333337,18.54333369,0.0373
2011-07-16,7.666666667,16.35333347,0.0392
2011-07-17,1.333333294,17.51333364,0.0448
2011-07-18,0.266666676,20.75666618,0.0485
2011-07-19,0,19.48999977,0.0466
2011-07-20,0,18.47333336,0.0416
2011-07-21,0,20.58333333,0.0392
2011-07-22,0,19.88333321,0.0385
2011-07-23,0,19.75333277,0.0361
2011-07-24,0,19.59333293,0.0361
2011-07-25,0,20.38333384,0.0354
2011-07-26,0,21.60333379,0.0348
2011-07-27,0,21.98666636,0.0336
2011-07-28,0,20.35333379,0.0336
2011-07-29,0,20.1433328,0.0348
2011-07-30,0,21.23000018,0.0348
2011-07-31,0,20.8700002,0.0361
2011-08-01,0,21.48666636,0.0385
2011-08-02,0,21.85333379,0.0416
2011-08-03,0,22.36333338,0.0416
2011-08-04,0,21.55666733,0.0404
2011-08-05,0.433333337,19.92333349,0.0404
2011-08-06,1.933333317,21.83333333,0.0416
2011-08-07,0,23.29999987,0.0435
2011-08-08,0,23.34999975,0.0454
2011-08-09,0,20.34333293,0.0479
2011-08-10,0,22.4266669,0.0472
2011-08-11,0,24.28000005,0.0448
2011-08-12,0,20.1299998,0.0448
2011-08-13,0,22.01666641,0.0448
2011-08-14,0,21.93666712,0.0441
2011-08-15,0,22.13666598,0.0429
2011-08-16,0,22.5,0.0441
2011-08-17,0,22.59666697,0.041
2011-08-18,0,19.763333,0.0404
2011-08-19,0.166666669,19.99666723,0.041
2011-08-20,0,20.19666672,0.041
2011-08-21,0,21.98666636,0.0392
2011-08-22,0.866666655,18.58333333,0.0367
2011-08-23,0.5,22.09999975,0.0354
2011-08-24,1.033333341,21.63666662,0.0354
2011-08-25,0.066666668,22.54666646,0.0367
2011-08-26,0.200000003,20.23666636,0.0373
2011-08-27,18.46666654,21.31666692,0.0423
2011-08-28,15.30000019,23.11000061,0.0814
2011-08-29,0,25.6200002,0.0982
2011-08-30,0,23.54333369,0.0541
2011-08-31,12.96666654,22.4399999,0.0392
2011-09-01,0,22.63999939,0.0678
2011-09-02,0,22.83666674,0.0503
2011-09-03,0,22,0.0336
2011-09-04,0,22.13666662,0.0261
2011-09-05,0.533333341,20.03999964,0.0242
2011-09-06,1.999999921,19.89999962,0.0236
2011-09-07,10.06666692,23.06333288,0.0267
2011-09-08,0,23.8700002,0.0323
2011-09-09,0,22.08999952,0.0361
2011-09-10,4.76666673,17.93333308,0.0342
2011-09-11,0,21.32999992,0.0305
2011-09-12,0.233333339,20.17999967,0.0292
2011-09-13,0,20.66333326,0.0261
2011-09-14,0,22.73999977,0.0236
2011-09-15,0,24.54999987,0.0218
2011-09-16,0,25.62666639,0.0211
2011-09-17,0,27.27666664,0.0205
2011-09-18,0,27.82000033,0.0205
2011-09-19,0,26.60333316,0.0193
2011-09-20,0,24.96999995,0.0193
2011-09-21,0,26.73666636,0.0205
2011-09-22,0,25.60000038,0.0211
2011-09-23,0,26.48333359,0.0199
2011-09-24,0,26.27999942,0.0224
2011-09-25,0,26.78000005,0.0267
2011-09-26,0,26.02333323,0.0255
2011-09-27,0,24.74666659,0.0242
2011-09-28,0,24.02333323,0.023
2011-09-29,0,23.97333272,0.0224
2011-09-30,0,25.76999982,0.0242
2011-10-01,0,28.93333371,0.0242
2011-10-02,0,23.71000036,0.0261
2011-10-03,0,24.03333346,0.0236
2011-10-04,0,23.99666659,0.0205
2011-10-05,0,21.1766669,0.018
2011-10-06,0,23.04000028,0.0162
2011-10-07,0,27.28999964,0.0174
2011-10-08,0,26.64999962,0.0211
2011-10-09,7.166666667,28.486667,0.0261
2011-10-10,0,28.42000008,0.0267
2011-10-11,0,29.06333415,0.0267
2011-10-12,0.066666668,29.17999967,0.0249
2011-10-13,0.566666663,28.67000008,0.0211
2011-10-14,22.26666705,28.73333359,0.0472
2011-10-15,18.63333321,27.72666677,0.0448
2011-10-16,0,28.56333288,0.0628
2011-10-17,0,26.00333341,0.051
2011-10-18,0,22.80333328,0.0292
2011-10-19,0,23.5733331,0.0205
2011-10-20,0,21.32999992,0.0162
2011-10-21,0,24.4399999,0.0143
2011-10-22,0.133333335,26.07999992,0.0137
2011-10-23,0.033333334,24.65666707,0.0137
2011-10-24,0,26.14000003,0.0137
2011-10-25,0,29.27333323,0.0137
2011-10-26,0,30.08999952,0.0143
2011-10-27,15.83333333,28.06333288,0.018
2011-10-28,0.166666669,25.12666639,0.0193
2011-10-29,0,27.1200002,0.0224
2011-10-30,0,28.51000086,0.0242
2011-10-31,6.366666476,29.97333336,0.0205
2011-11-01,0,26.12666639,0.0174
2011-11-02,0,27.69999949,0.0149
2011-11-03,0,30.6899999,0.0143
2011-11-04,0,30.71333313,0.0137
2011-11-05,0,26.76666641,0.0124
2011-11-06,0,26.88333321,0.0112
2011-11-07,0,27.8700002,0.0099
2011-11-08,0,28.5,0.0093
2011-11-09,0,29.76666641,0.0075
2011-11-10,0,30.75,0.0044
2011-11-11,0,30.75333341,0.0019
2011-11-12,0,30.01666705,6e-04
2011-11-13,0,30.17000008,0
2011-11-14,0,29.75333341,0
2011-11-15,0,32.78000005,0
2011-11-16,0,31.65999985,0
2011-11-17,0,30.08666674,0
2011-11-18,0,29.32999992,0
2011-11-19,0,29.60333316,0
2011-11-20,0,29.58666674,0
2011-11-21,0,30.3933328,0
2011-11-22,0,28.70666695,0
2011-11-23,0,31.70333354,0
2011-11-24,0,33.1299998,0
2011-11-25,0,31.71333313,0
2011-11-26,0,30.39666621,0
2011-11-27,0,33.25666682,0
2011-11-28,0,32.98333359,0
2011-11-29,0,30.74333382,0
2011-11-30,0,31.92333349,0
2011-12-01,0,31.27000046,0
2011-12-02,14.43333308,27.41666667,0
2011-12-03,0,28.0600001,0
2011-12-04,0,29.65666644,0
2011-12-05,5.366666635,21.44666672,0
2011-12-06,13.33333333,20.23666636,0
2011-12-07,7.866666794,22.05666606,0
2011-12-08,16.13333321,28.90000025,0
2011-12-09,0,28.98666636,0
2011-12-10,0.566666663,29.45666631,0
2011-12-11,7.066666762,31.57333247,0
2011-12-12,34.09999975,30.9399999,0
2011-12-13,0.566666663,30.89000003,0.051
2011-12-14,6.566666762,30.41666667,0.0286
2011-12-15,0,28.14000003,0.0155
2011-12-16,4.133333445,23.95000013,0.0106
2011-12-17,0.366666675,25.94666672,0.0068
2011-12-18,0,26.66666667,0.0025
2011-12-19,0,26.0466671,0
2011-12-20,0,29.51666705,0
2011-12-21,0,28.15333366,0
2011-12-22,0.133333335,29.41666667,0
2011-12-23,0,27.42333285,0
2011-12-24,11.63333321,28.4266669,0
2011-12-25,0.233333342,29.263333,0
2011-12-26,0,31.31333351,0
2011-12-27,0,32.09999911,0
2011-12-28,0,30.36666679,0
2011-12-29,0,28.26666641,0
2011-12-30,0,28.81666692,0
2011-12-31,0.066666668,28.63666662,0
2012-01-01,0,28.44666672,0
2012-01-02,0,28.20666695,0
2012-01-03,0,28.78000005,0
2012-01-04,0,30.69333331,0
2012-01-05,0,30.68333308,0
2012-01-06,0,31.79333242,0
2012-01-07,0.100000001,31.25333277,0
2012-01-08,0,31.90666644,0
2012-01-09,0,34.78666687,0
2012-01-10,0,35.6533343,0
2012-01-11,0.366666675,34.67666626,0
2012-01-12,0,33.18666712,0
2012-01-13,0,29.54666646,0
2012-01-14,0,27.5,0
2012-01-15,14.0666666,23.15000025,0
2012-01-16,10.4333334,22.93000031,0
2012-01-17,15.53333346,23.78999964,0
2012-01-18,9.699999809,29.80333328,0
2012-01-19,0,31.13333321,0
2012-01-20,0.36666667,30.8233331,0
2012-01-21,0,30.02333323,0
2012-01-22,0,30.28000005,0
2012-01-23,0.366666675,27.3100001,0
2012-01-24,2.699999968,25.59999975,0
2012-01-25,20.33333333,28.17000008,0
2012-01-26,16.76666705,30.68666649,0
2012-01-27,17.66666635,27.41333326,0.0174
2012-01-28,31.13333384,25.14000003,0.128
2012-01-29,19.40000025,25.60333316,0.2455
2012-01-30,2.299999952,28.58666674,0.235
2012-01-31,0.066666668,29.64000003,0.0876
2012-02-01,1.233333349,28.30333328,0.041
2012-02-02,0.066666668,28.57666651,0.0267
2012-02-03,0.033333334,27.81666629,0.018
2012-02-04,0,27.79999987,0.0137
2012-02-05,0,30.513333,0.0106
2012-02-06,0,32.82666651,0.0081
2012-02-07,0,32.48333295,0.0056
2012-02-08,43.86666616,29.20333354,0.1162
2012-02-09,3.73333327,30.53999964,0.2977
2012-02-10,0,30.30333392,0.0566
2012-02-11,0.133333338,30.28999964,0.0286
2012-02-12,4.199999889,30.4266669,0.018
2012-02-13,0.233333342,30.45666631,0.0131
2012-02-14,0,30.26666641,0.0106
2012-02-15,0,28.59333356,0.0087
2012-02-16,0,29.39666684,0.0056
2012-02-17,0,29.79666646,0.0025
2012-02-18,0,30.72666677,6e-04
2012-02-19,3.399999936,30.99000041,0
2012-02-20,0,32.02666728,0
2012-02-21,0,32.46666718,0
2012-02-22,25.06666629,29.22999954,0
2012-02-23,0.066666668,23.12333298,0
2012-02-24,2.799999952,25.46999995,0
2012-02-25,7.366666635,26.0733331,0.0056
2012-02-26,61.90000025,27.93333371,1.6292
2012-02-27,15.09999975,27.94333331,3.2733
2012-02-28,3.5,28.00333341,0.9548
2012-02-29,0.633333345,28.986667,0.3568
2012-03-01,0,28.46333313,0.1548
2012-03-02,0,29.486667,0.0752
2012-03-03,0.5,28.99666659,0.0479
2012-03-04,0.300000007,29.28333346,0.0354
2012-03-05,1.100000024,30.66666667,0.0292
2012-03-06,0.433333337,28.78999964,0.0255
2012-03-07,0.933333357,26.76000023,0.0224
2012-03-08,0,28.12333361,0.0205
2012-03-09,0,29.27666664,0.0186
2012-03-10,0,29.03333346,0.0174
2012-03-11,0,29.18333308,0.0149
2012-03-12,0.266666676,27.99333318,0.0131
2012-03-13,2.433333317,25.76000023,0.0118
2012-03-14,2.366666714,26.72666677,0.0112
2012-03-15,2.033333341,27.94666672,0.0118
2012-03-16,1.433333357,29.57999992,0.0131
2012-03-17,1.633333365,29.02333323,0.0162
2012-03-18,15.53333314,21.88333321,0.0155
2012-03-19,20.50000064,26.04000028,0.0205
2012-03-20,0.766666671,26.43333308,0.0603
2012-03-21,2.133333286,23.04999987,0.0423
2012-03-22,53.5333341,25.59333356,2.5752
2012-03-23,27.49999936,25.72666677,5.248
2012-03-24,0.100000001,26.79999987,4.021
2012-03-25,0.266666676,24.98000018,0.836
2012-03-26,0.333333343,25.89333344,0.3723
2012-03-27,0,25.9266669,0.2157
2012-03-28,0,25.94333331,0.1455
2012-03-29,0,26.14999962,0.1137
2012-03-30,0,26.78000005,0.0951
2012-03-31,0,27.02333323,0.0833
2012-04-01,0,26.84666634,0.0752
2012-04-02,0,27.25666682,0.0684
2012-04-03,0,28.30333328,0.0628
2012-04-04,0,27.29333305,0.0584
2012-04-05,0,27.06999969,0.0559
2012-04-06,0,26.39666621,0.0522
2012-04-07,0,26.84000015,0.051
2012-04-08,0,26.22666677,0.0491
2012-04-09,0,27.58000056,0.0472
2012-04-10,0,25.81333351,0.046
2012-04-11,0,24.34000015,0.0441
2012-04-12,0,23.99999936,0.041
2012-04-13,0.5,24.1299998,0.0385
2012-04-14,0,25.53333346,0.0361
2012-04-15,0.066666668,26.03000069,0.0354
2012-04-16,0.400000001,26.04333305,0.0361
2012-04-17,0,25.87333361,0.0373
2012-04-18,0.300000012,26.49333318,0.0379
2012-04-19,0,27.42000008,0.0373
2012-04-20,0,27.8233331,0.0361
2012-04-21,0,28.84000015,0.0342
2012-04-22,0,28.86333338,0.0317
2012-04-23,0,28.23333359,0.0311
2012-04-24,0,26.70666695,0.0298
2012-04-25,0,24.14333344,0.0298
2012-04-26,0,21.11666679,0.0292
2012-04-27,6.100000064,23.56666629,0.028
2012-04-28,11.5666666,21.64666748,0.0311
2012-04-29,2.933333317,22.98333295,0.0429
2012-04-30,0,24.84999975,0.0634
2012-05-01,0,24.84666634,0.0503
2012-05-02,0,24.23999977,0.041
2012-05-03,0.666666667,25.09000015,0.0379
2012-05-04,0,24.47333272,0.0354
2012-05-05,0.233333337,23.62666639,0.0342
2012-05-06,0,22.93666649,0.0342
2012-05-07,0,24.13333321,0.0323
2012-05-08,0,24.77666728,0.0305
2012-05-09,0,25.15666644,0.0286
2012-05-10,0,24.5,0.0261
2012-05-11,0,24.88666662,0.0255
2012-05-12,0,25.24333318,0.0249
2012-05-13,0,26.13666662,0.0249
2012-05-14,0,20.49666723,0.0236
2012-05-15,0,21.60333316,0.023
2012-05-16,0,21.27333323,0.023
2012-05-17,0,24.09999975,0.023
2012-05-18,0,22.71666718,0.0224
2012-05-19,0,22.01999982,0.023
2012-05-20,0,22.40666644,0.023
2012-05-21,0,23.53666687,0.0236
2012-05-22,0,20.29999987,0.023
2012-05-23,0.866666675,23.41333326,0.023
2012-05-24,0.100000001,22.48000018,0.023
2012-05-25,0.633333345,16.19333331,0.023
2012-05-26,15.80000019,15.51333332,0.0298
2012-05-27,0,18.04333305,0.0336
2012-05-28,0,20.82999992,0.0367
2012-05-29,0.133333338,20.73000018,0.0336
2012-05-30,0.50000001,22.50666682,0.0292
2012-05-31,0.200000005,18.70333354,0.0267
2012-06-01,1.833333333,21.71333313,0.0249
2012-06-02,2.866666635,21.54000028,0.0267
2012-06-03,27.3333327,20.98333295,0.0392
2012-06-04,1.166666647,20.98333359,0.1057
2012-06-05,0,17.42999967,0.074
2012-06-06,0.166666672,16.53333314,0.0479
2012-06-07,0,20.67666626,0.0367
2012-06-08,0,19.01666641,0.0311
2012-06-09,0.233333339,18.29000028,0.028
2012-06-10,1.733333349,17.70666695,0.0273
2012-06-11,0.433333337,18.76666641,0.028
2012-06-12,0,20.65333366,0.0292
2012-06-13,0,20.98333359,0.0305
2012-06-14,0,21.15000089,0.0298
2012-06-15,0,21.93000031,0.0273
2012-06-16,0,21.25333341,0.0255
2012-06-17,0,21.89333344,0.0242
2012-06-18,0,19.62333361,0.0242
2012-06-19,0,19.17999967,0.0236
2012-06-20,0,20.38333384,0.023
2012-06-21,0,22,0.023
2012-06-22,0,23.22666677,0.023
2012-06-23,1.200000008,13.29666678,0.0236
2012-06-24,6.166666667,12.72333336,0.0249
2012-06-25,16.6666673,15.13666662,0.0305
2012-06-26,6.833333333,14.9933335,0.0466
2012-06-27,36.43333435,14.72999986,0.271
2012-06-28,7.5,16.52000014,2.326
2012-06-29,1.800000032,21.94333331,0.7098
2012-06-30,0,21.89666684,0.3605
2012-07-01,0,22.79000028,0.179
2012-07-02,0,16.44000022,0.1187
2012-07-03,0,16.40333366,0.0914
2012-07-04,0,17.02999942,0.0765
2012-07-05,0,18.8799998,0.0678
2012-07-06,0,19.59000015,0.0622
2012-07-07,0,19.98000018,0.0597
2012-07-08,0,20.11666679,0.0559
2012-07-09,0,20.85666656,0.0528
2012-07-10,2.166666587,16.53333346,0.0516
2012-07-11,4.566666762,19.52333323,0.0516
2012-07-12,6.5,21.35666656,0.0528
2012-07-13,14.66666667,21.77666601,0.0615
2012-07-14,1.766666651,21.05333328,0.1753
2012-07-15,25.29999987,15.41000017,0.3251
2012-07-16,2.466666659,19.78999964,1.5055
2012-07-17,0,19.92333349,0.5041
2012-07-18,0,19.89333344,0.2505
2012-07-19,1.066666643,18.53666623,0.1672
2012-07-20,0,18.28000005,0.1312
2012-07-21,0,19.86999957,0.1069
2012-07-22,0,20.01666641,0.092
2012-07-23,0,19.97999954,0.0839
2012-07-24,0,20.29666646,0.0789
2012-07-25,0,20.86666679,0.0746
2012-07-26,0.033333334,20.50333341,0.0715
2012-07-27,0.066666668,20.82666651,0.069
2012-07-28,0,17.98000018,0.0678
2012-07-29,0,18.54999987,0.0646
2012-07-30,0,18.95333354,0.0615
2012-07-31,0,19.20000013,0.0597
2012-08-01,0,19.65666644,0.0584
2012-08-02,0,19.5,0.0572
2012-08-03,0,21.21333313,0.0572
2012-08-04,0,21.16333262,0.0559
2012-08-05,0,21.92333349,0.0559
2012-08-06,0,22.95333354,0.0559
2012-08-07,0,22.97333272,0.0541
2012-08-08,0,22.79666646,0.0528
2012-08-09,0,24.28000005,0.0522
2012-08-10,0,16.85666656,0.051
2012-08-11,0,18.96666718,0.0491
2012-08-12,0,19.88999939,0.0479
2012-08-13,0,20.96000036,0.0472
2012-08-14,0,21.56666692,0.0466
2012-08-15,0,23.18666649,0.046
2012-08-16,0,24.19666672,0.046
2012-08-17,0,25.09333293,0.046
2012-08-18,0,22.74333254,0.046
2012-08-19,0,20.40666644,0.046
2012-08-20,0,22.53000005,0.0448
2012-08-21,0,22.30333328,0.0429
2012-08-22,0,24.33333333,0.041
2012-08-23,0.433333337,26.15999985,0.0416
2012-08-24,3.033333381,25.30333328,0.0416
2012-08-25,0,25.15999985,0.0429
2012-08-26,0,22.98666636,0.0423
2012-08-27,9.633333524,23.34999975,0.0448
2012-08-28,2.133333286,22.79666646,0.0628
2012-08-29,0,23.45666631,0.0553
2012-08-30,0,25.02333323,0.0441
2012-08-31,0,24.45333354,0.0404
2012-09-01,0,21.30333328,0.0385
2012-09-02,0,21.54666646,0.0367
2012-09-03,0,22.33000056,0.0342
2012-09-04,0,23.12333361,0.0329
2012-09-05,0,22.8700002,0.0317
2012-09-06,0,25.0733331,0.0317
2012-09-07,0,27.23666636,0.0317
2012-09-08,0,23.88333321,0.0311
2012-09-09,0,24.47333336,0.0298
2012-09-10,0,22.3233331,0.028
2012-09-11,0,24.3100001,0.0273
2012-09-12,0,24.67000008,0.0267
2012-09-13,0,25.79333305,0.0267
2012-09-14,0,22.84666634,0.0273
2012-09-15,0,23.13333321,0.0273
2012-09-16,0,22.93333308,0.0267
2012-09-17,0,23.34666634,0.0261
2012-09-18,0,25.19000053,0.0249
2012-09-19,0,27.38999939,0.0249
2012-09-20,0,28.38666598,0.0236
2012-09-21,0,29.53666623,0.023
2012-09-22,0,30.22666613,0.023
2012-09-23,1.166666667,30.59333293,0.023
2012-09-24,0.033333334,30.80000051,0.023
2012-09-25,0,28.75,0.0218
2012-09-26,15.79999987,22.20000013,0.0224
2012-09-27,0,25.16666667,0.0242
2012-09-28,0,25.21666718,0.023
2012-09-29,0,27.13666662,0.0255
2012-09-30,0.366666667,19.53999964,0.0236
2012-10-01,3.599999984,23.13666662,0.0224
2012-10-02,0.933333337,22.05333265,0.0211
2012-10-03,0,23.99333318,0.0211
2012-10-04,0.100000001,26.11999957,0.0211
2012-10-05,0,27.14333344,0.0218
2012-10-06,0,28.263333,0.0205
2012-10-07,0,29.96666654,0.0205
2012-10-08,0,30.72666677,0.0199
2012-10-09,0,29.54000028,0.0186
2012-10-10,0.500000002,30.12333298,0.0168
2012-10-11,3.433333317,24.74333318,0.0131
2012-10-12,2.166666627,19.94333394,0.0149
2012-10-13,0,23.15666644,0.0118
2012-10-14,0,26.02666664,0.0075
2012-10-15,0,26.19666672,0.0037
2012-10-16,0,26.14666684,0.0019
2012-10-17,0,28.32333374,6e-04
2012-10-18,0,30.38000043,0
2012-10-19,0,29.40333303,0
2012-10-20,0,31.72999954,0
2012-10-21,0,33.23999914,0
2012-10-22,0,32.06999969,0
2012-10-23,0,25.98666636,0
2012-10-24,0,25.99000041,0
2012-10-25,0,27.60666656,0
2012-10-26,0,31.14000003,0
2012-10-27,0,31.69666608,0
2012-10-28,0.233333339,21.763333,0
2012-10-29,14.43333308,22.19333331,0
2012-10-30,3.233333349,23.986667,0
2012-10-31,12.29999987,27.45000013,0
2012-11-01,0,29.58333333,0
2012-11-02,0,32.78000005,0
2012-11-03,0,26.10666656,0
2012-11-04,0.400000006,24.54000028,0
2012-11-05,0,28.27333323,0
2012-11-06,0,27.77000046,0
2012-11-07,0,27.82999992,0
2012-11-08,0,29.17999967,0
2012-11-09,0,27.66666667,0
2012-11-10,0,23.80666669,0
2012-11-11,15.69999981,24.10666656,0
2012-11-12,0,25.72333399,0
2012-11-13,0,27.736667,0
2012-11-14,0,28.79666646,0
2012-11-15,0,30.26666705,0
2012-11-16,0,31.81333351,0
2012-11-17,0,32.04333242,0
2012-11-18,1.533333302,31.46999995,0
2012-11-19,7.800000032,32.35333252,0
2012-11-20,1.166666687,29.78333346,0
2012-11-21,0,30.03333346,0
2012-11-22,0,31.42999967,0
2012-11-23,0,30.94666608,0
2012-11-24,0.100000001,29.19333267,0
2012-11-25,0,28.06666692,0
2012-11-26,0,29.67000008,0
2012-11-27,0,29.69333331,0
2012-11-28,0,31.44333331,0
2012-11-29,0,31.32000033,0
2012-11-30,0,32.93333308,0
2012-12-01,0,31.42333349,0
2012-12-02,0,32.28000069,0
2012-12-03,0,33.02000046,0
2012-12-04,0,35.26999919,0
2012-12-05,0,34.01000086,0
2012-12-06,0,32.94999949,0
2012-12-07,0,32.01333364,0
2012-12-08,0,30.32666651,0
2012-12-09,0,30.97999954,0
2012-12-10,0,30.71666654,0
2012-12-11,0,29.85666656,0
2012-12-12,0,29.73333359,0
2012-12-13,0,29.5733331,0
2012-12-14,0,30.64000003,0
2012-12-15,0,31.70999908,0
2012-12-16,0,34.28666687,0
2012-12-17,0,36.47666677,0
2012-12-18,0,36.06999969,0
2012-12-19,9,32.3700002,0
2012-12-20,0,33.41333262,0
2012-12-21,0.133333335,32.7166659,0
2012-12-22,1.366666635,30.74333382,0
2012-12-23,7.533333302,28.64333344,0
2012-12-24,0.766666671,28.56666629,0
2012-12-25,0.033333334,32.52333323,0
2012-12-26,0,31.21333313,0
2012-12-27,1.266666691,31.89666748,0
2012-12-28,0,31.47333336,0
2012-12-29,14.56666629,32.513333,0
2012-12-30,4.600000064,32.00999959,0
2012-12-31,0.300000009,28.34333356,0
2013-01-01,0,29.0600001,0
2013-01-02,0.100000004,33.95666631,0
2013-01-03,0,32.69333331,0
2013-01-04,0,31.70000013,0
2013-01-05,0,31.26999982,0
2013-01-06,0,29.39000066,0
2013-01-07,0,30.28333282,0
2013-01-08,0,31.20999972,0
2013-01-09,0,34.72999954,0
2013-01-10,0,35.43000031,0
2013-01-11,0.600000004,34.50000127,0
2013-01-12,0,35.85000102,0
2013-01-13,0,35.87333425,0
2013-01-14,0,35.78333282,0
2013-01-15,5.533333302,26.15666644,0
2013-01-16,1.066666683,31.34666697,0
2013-01-17,0,33.59999975,0
2013-01-18,0,34.49666723,0
2013-01-19,0,35.31999969,0
2013-01-20,0,32.39999962,0
2013-01-21,0,31.78666687,0
2013-01-22,0.433333337,30.47666677,0
2013-01-23,3.766666571,32.57666651,0
2013-01-24,29.63333321,23.86000061,0
2013-01-25,190.2333374,22.63333321,15.7105
2013-01-26,229.200002,23.84999975,117.504
2013-01-27,227.4333394,27.20999972,187.6813
2013-01-28,1.366666675,28.4399999,20.5626
2013-01-29,0,33.97333399,5.1865
2013-01-30,0,33.49666595,2.6448
2013-01-31,0.966666659,29.94666672,1.6634
2013-02-01,0.800000012,31.31999969,1.2811
2013-02-02,0.133333338,29.64000003,1.0256
2013-02-03,0,28.99333318,0.8522
2013-02-04,0,29.58000056,0.7304
2013-02-05,0,28.9266669,0.6707
2013-02-06,0,28.69333331,0.629
2013-02-07,0,28.24999936,0.6011
2013-02-08,0,29.37666639,0.5756
2013-02-09,0,29.63666662,0.5538
2013-02-10,0.033333334,29.3799998,0.5364
2013-02-11,0,28.93000031,0.5277
2013-02-12,0,29.19666672,0.5078
2013-02-13,0,28.67000008,0.4836
2013-02-14,0.100000001,28.65999985,0.46
2013-02-15,0,27.85000038,0.4401
2013-02-16,1.700000048,27.04333369,0.4345
2013-02-17,1.833333373,26.30666606,0.478
2013-02-18,4.76666673,21.02666601,0.4749
2013-02-19,28.09999975,25.69666672,0.5066
2013-02-20,15.16666635,29.11333402,0.9759
2013-02-21,0.066666668,28.97333336,0.667
2013-02-22,0.166666669,29.62666639,0.5134
2013-02-23,0,31.23333295,0.4593
2013-02-24,0.200000005,29.44333331,0.4258
2013-02-25,24.56666629,24.9666659,0.5097
2013-02-26,146.399999,22.70999972,23.7389
2013-02-27,65.0333341,25.60999997,83.2529
2013-02-28,4.233333429,26.68333308,14.8484
2013-03-01,0.499999995,23.08666674,5.9336
2013-03-02,69.29999797,22.33999952,10.0361
2013-03-03,27.30000051,25.14333344,35.521
2013-03-04,10.30000019,22.83333333,8.3081
2013-03-05,0.966666679,26.46666654,6.5465
2013-03-06,0,26.00999959,3.6692
2013-03-07,2.800000032,24.85333379,2.1961
2013-03-08,2.433333317,25.78333346,1.7883
2013-03-09,1.333333294,24.88333384,1.4955
2013-03-10,0,26.09333356,1.2314
2013-03-11,0,26.25000064,1.0648
2013-03-12,0,26.06333351,0.9187
2013-03-13,0,26.26999982,0.8329
2013-03-14,0,27.25999959,0.772
2013-03-15,0,27.94000053,0.7036
2013-03-16,0,28.62666639,0.6427
2013-03-17,0,30.06666629,0.6098
2013-03-18,0,25.57000033,0.5843
2013-03-19,0.633333325,24.40999985,0.5588
2013-03-20,6.033333302,21.89333407,0.5507
2013-03-21,9.833333333,24.79333305,0.6825
2013-03-22,0.200000005,27.21666654,0.7142
2013-03-23,0,28.51000023,0.5681
2013-03-24,0,29.02333323,0.5234
2013-03-25,0,28.1766669,0.4855
2013-03-26,0,26.93333371,0.4593
2013-03-27,0,26.9533329,0.4289
2013-03-28,0.699999988,26.84333356,0.3984
2013-03-29,0,27.49333382,0.3935
2013-03-30,0,25.87666702,0.3779
2013-03-31,0.400000006,26.30666606,0.3593
2013-04-01,15.80000019,25.67999967,0.3574
2013-04-02,0.533333341,26.39666684,0.4127
2013-04-03,0,26.70666695,0.3866
2013-04-04,0.433333332,25.61666679,0.3431
2013-04-05,0.166666669,23.09000015,0.3176
2013-04-06,0.566666663,24.08666611,0.2996
2013-04-07,2.900000016,19.87333298,0.2965
2013-04-08,3.066666683,24.80333392,0.2977
2013-04-09,0,24.13000043,0.3052
2013-04-10,0.300000007,20.06333351,0.2903
2013-04-11,0,22.21333377,0.2778
2013-04-12,2.333333333,23.47333336,0.2778
2013-04-13,0,22.82000033,0.2778
2013-04-14,7.03333346,24.82000033,0.2909
2013-04-15,0,25.69666672,0.3183
2013-04-16,0.900000016,26.3566672,0.3071
2013-04-17,0.866666655,27.32666715,0.2834
2013-04-18,0,27.37333298,0.266
2013-04-19,0,27.66999944,0.253
2013-04-20,0,25.16000048,0.2393
2013-04-21,0,24.1766669,0.2275
2013-04-22,0,27.06333288,0.2163
2013-04-23,0,28.89999962,0.2076
2013-04-24,12.36666679,26.70333354,0.276
2013-04-25,0,25.95333354,0.5862
2013-04-26,0,25.18666649,0.3605
2013-04-27,0,24.56999969,0.2723
2013-04-28,0,25.14666684,0.2306
2013-04-29,0,25.00333341,0.207
2013-04-30,0,24.95000013,0.1939
2013-05-01,0,24.95333354,0.1859
2013-05-02,0,25.91666667,0.1796
2013-05-03,0,23.69000053,0.1734
2013-05-04,0,24.61666679,0.1678
2013-05-05,0,24.71999995,0.1635
2013-05-06,0.633333345,21.08666611,0.1579
2013-05-07,2.100000024,23.01333364,0.1548
2013-05-08,0.066666668,21.42000008,0.1529
2013-05-09,0.833333343,23.19666672,0.1504
2013-05-10,0,22.58000056,0.1473
2013-05-11,0,23.20666695,0.1461
2013-05-12,0,22.39333344,0.1442
2013-05-13,0.100000001,23.28999964,0.1405
2013-05-14,5.466666698,21.92999967,0.1367
2013-05-15,1.266666691,20.53333346,0.1417
2013-05-16,2.433333317,16.0733331,0.156
2013-05-17,17.79999987,21.17000008,0.1585
2013-05-18,0,21.6899999,0.2194
2013-05-19,0,20.486667,0.1902
2013-05-20,0,20.32999992,0.1684
2013-05-21,0,18.37333298,0.1517
2013-05-22,0,15.52666632,0.1399
2013-05-23,5.099999905,20.15333366,0.1343
2013-05-24,0,17.52666664,0.1324
2013-05-25,0,20.53333282,0.1318
2013-05-26,0,21.16666667,0.1262
2013-05-27,0,21.82666651,0.1206
2013-05-28,0,20.14333344,0.1131
2013-05-29,5.166666508,19.48000018,0.1094
2013-05-30,0.866666675,21.40999985,0.1125
2013-05-31,0.933333317,20.15333303,0.1175
2013-06-01,0.233333339,20.19333331,0.115
2013-06-02,0.700000008,23.22333336,0.1144
2013-06-03,0.600000004,20.23666636,0.1137
2013-06-04,0,20.84333356,0.1113
2013-06-05,0.300000012,21.76999982,0.1038
2013-06-06,0,20.95999972,0.0963
2013-06-07,0,22.48999977,0.0951
2013-06-08,0,22.85000038,0.0945
2013-06-09,0.133333335,21.4266669,0.0926
2013-06-10,0.433333337,22.40999985,0.0914
2013-06-11,0.733333329,21.7966671,0.0901
2013-06-12,2.466666698,22.07999929,0.0889
2013-06-13,2.366666675,20.69666608,0.0901
2013-06-14,0.633333335,21.0600001,0.097
2013-06-15,0,18.79333305,0.1007
2013-06-16,0,17.83333397,0.0926
2013-06-17,0,19.82666651,0.0845
2013-06-18,0,18.9399999,0.0808
2013-06-19,0.533333341,17.3233331,0.0765
2013-06-20,0.400000006,16.95333354,0.0721
2013-06-21,1.933333357,12.50999991,0.0702
2013-06-22,0.033333334,17.51666641,0.0702
2013-06-23,0,18.48000018,0.0709
2013-06-24,0,19.09666634,0.0715
2013-06-25,0,18.01999982,0.0709
2013-06-26,0,16.58999983,0.069
2013-06-27,0,16.58333365,0.0684
2013-06-28,0,21.13666662,0.0684
2013-06-29,0,20.74666659,0.0678
2013-06-30,0,19.71000036,0.0671
2013-07-01,0.600000004,18.33333333,0.0671
2013-07-02,0.333333343,20.96999995,0.0671
2013-07-03,0.266666676,21.97000058,0.0671
2013-07-04,0.50000001,22.69999949,0.0671
2013-07-05,0.233333339,23.06333351,0.0684
2013-07-06,0,23.60333316,0.0733
2013-07-07,0,23.90000025,0.0758
2013-07-08,0,22.40666644,0.0746
2013-07-09,0.5,20.76666705,0.0727
2013-07-10,0.300000007,20.59333356,0.0702
2013-07-11,0,20.51666641,0.0678
2013-07-12,0,21.46999995,0.0671
2013-07-13,0,20.88333321,0.0671
2013-07-14,0,20.58666674,0.0671
2013-07-15,0,21.14000003,0.0671
2013-07-16,0,21.45333354,0.0671
2013-07-17,0.333333343,19.95000013,0.0653
2013-07-18,3,21.50333341,0.0646
2013-07-19,0.933333357,23.33333397,0.0653
2013-07-20,0,23.21000036,0.0678
2013-07-21,2.5,22.18333371,0.0684
2013-07-22,3,20.99999936,0.0715
2013-07-23,0.900000016,17.12333298,0.0715
2013-07-24,0.133333335,16.77333355,0.0684
2013-07-25,0,20.03333346,0.0634
2013-07-26,0,21.28333346,0.0609
2013-07-27,0,21.5,0.0597
2013-07-28,0,20.56333351,0.0591
2013-07-29,0,19.79000028,0.0584
2013-07-30,2.866666714,20.40333303,0.0591
2013-07-31,0.566666683,21.13333321,0.0615
2013-08-01,0,22.22666613,0.0622
2013-08-02,0,22.81333288,0.0622
2013-08-03,0,22.72666677,0.0603
2013-08-04,0,22.86333338,0.0591
2013-08-05,0,22.5600001,0.0572
2013-08-06,0,23.43666712,0.0541
2013-08-07,0,23.53666687,0.0535
2013-08-08,0,23.86333338,0.0535
2013-08-09,0,21.55333328,0.0535
2013-08-10,0,24.14333344,0.0566
2013-08-11,0,26,0.0572
2013-08-12,0,24.65333303,0.0578
2013-08-13,0,27.29666646,0.0578
2013-08-14,0,26.51666641,0.0578
2013-08-15,0,25.30000051,0.0603
2013-08-16,0,23.25666618,0.0615
2013-08-17,0,25.17333349,0.0591
2013-08-18,0,25.4266669,0.0572
2013-08-19,1.5,25.40333303,0.0572
2013-08-20,0,22.20999972,0.0572
2013-08-21,0,19.23333359,0.0578
2013-08-22,0,20.90333303,0.0541
2013-08-23,0,23.09666697,0.0503
2013-08-24,0,23.71999995,0.0491
2013-08-25,0,24.11333338,0.0503
2013-08-26,0,24.73333359,0.051
2013-08-27,0,25.21333313,0.051
2013-08-28,0,26.45333354,0.051
2013-08-29,0,25.71333313,0.0553
2013-08-30,0,25.51666641,0.0578
2013-08-31,0,26.84000015,0.0591
2013-09-01,0,27.5733331,0.0597
2013-09-02,0,25.12666639,0.0584
2013-09-03,0,23.69333331,0.0553
2013-09-04,0,23.14000003,0.0516
2013-09-05,0,23.13666598,0.0472
2013-09-06,0,24.21999995,0.0429
2013-09-07,0,25.02333323,0.0392
2013-09-08,0,25.29999987,0.0373
2013-09-09,0,24.14333344,0.0361
2013-09-10,0.166666669,24.52999942,0.0354
2013-09-11,0,30.6299998,0.0361
2013-09-12,0.333333343,31.84333229,0.0367
2013-09-13,0,30.84333356,0.0373
2013-09-14,0,30.35666656,0.0354
2013-09-15,0,32.5800012,0.0298
2013-09-16,0,27.32666715,0.0242
2013-09-17,0,29.21999995,0.0174
2013-09-18,0,29.35666656,0.0068
2013-09-19,0,31.18666649,0.0012
2013-09-20,0,28.41666667,0
2013-09-21,0,27.49666659,0
2013-09-22,0,27.64666684,0
2013-09-23,0,27.84999975,0
2013-09-24,0,29.83333333,0
2013-09-25,0,32.50999959,0
2013-09-26,0,34.27666601,0
2013-09-27,0.566666663,33.8333346,0
2013-09-28,0,25.37333361,0
2013-09-29,0,31.03333346,0
2013-09-30,1.166666667,29.48333359,0
2013-10-01,0.133333335,29,0
2013-10-02,0.166666669,30.30666669,0
2013-10-03,0,29.90999985,0
2013-10-04,0,25.16666603,0
2013-10-05,0,27.3233331,0
2013-10-06,0,31.05666733,0
2013-10-07,0,33.14333344,0
2013-10-08,0,30.84666634,0
2013-10-09,0,27.79333305,0
2013-10-10,0,28.99999936,0
2013-10-11,0,31.81666692,0
2013-10-12,0,29.73000018,0
2013-10-13,0,30.26666641,0
2013-10-14,0,28.3233331,0
2013-10-15,0,27.88666662,0
2013-10-16,0,27.35333379,0
2013-10-17,0,28.87333298,0
2013-10-18,0,28.73999977,0
2013-10-19,0,28.54000028,0
2013-10-20,0,28.67333349,0
2013-10-21,0,29.49333382,0
2013-10-22,0,30.01666641,0
2013-10-23,0,30.76999982,0
2013-10-24,0,32.63666662,0
2013-10-25,0.100000001,28.09333293,0
2013-10-26,0.200000005,29.27666664,0
2013-10-27,0,30.59999975,0
2013-10-28,0,29.53666623,0
2013-10-29,0.100000004,31.26333364,0
2013-10-30,20.09999975,29.84333293,0
2013-10-31,0.066666668,27.09000015,0
2013-11-01,0.400000001,26.13000043,0
2013-11-02,0,28.17333349,0
2013-11-03,0,31.03000005,0
2013-11-04,0,33.20000076,0
2013-11-05,0,26.26666705,0
2013-11-06,0,27.14000003,0
2013-11-07,0,28.97333336,0
2013-11-08,0,29.62333298,0
2013-11-09,0,31.33333333,0
2013-11-10,0,31.36666679,0
2013-11-11,0,29.15999985,0
2013-11-12,0.066666668,30.71666654,0
2013-11-13,2.633333286,31.11666679,0
2013-11-14,11.0666666,26.62333298,0
2013-11-15,49.00000127,29.97333336,0
2013-11-16,0.533333336,31.236667,0
2013-11-17,0,30.50999959,0
2013-11-18,9.333333174,27.80333328,0
2013-11-19,0,30.83333397,0
2013-11-20,0,32.35666656,0
2013-11-21,0,30.57000033,0
2013-11-22,3.800000032,28.01666705,0
2013-11-23,27.79999987,29.43666649,0
2013-11-24,2.533333341,30.57999992,0
2013-11-25,4.933333397,31.11666679,0
2013-11-26,0,29.61333338,0
2013-11-27,0.400000006,28.24666723,0
2013-11-28,0,28.95666695,0
2013-11-29,0,29.44666672,0
2013-11-30,0.5,28.80666669,0
2013-12-01,6.933333238,27.75666682,0
2013-12-02,0,27.09999975,0
2013-12-03,0,28.35999934,0
2013-12-04,0,29.36666616,0
2013-12-05,0,32.19666672,0
2013-12-06,0.233333337,29,0
2013-12-07,0,28.95333354,0
2013-12-08,0,28.97999954,0
2013-12-09,0,29.35999997,0
2013-12-10,0,31.60000038,0
2013-12-11,0.066666668,30.91333326,0
2013-12-12,37.16666667,21.77666728,0
2013-12-13,16.29999987,29.14999962,0
2013-12-14,0.066666668,30.47999954,0
2013-12-15,0,30.86333338,0
2013-12-16,0,29.75,0
2013-12-17,5.600000064,28.60999997,0
2013-12-18,0,27.34999975,0
2013-12-19,0,27.96666718,0
2013-12-20,0,28.34999975,0
2013-12-21,0,29.21999995,0
2013-12-22,0,29.08999952,0
2013-12-23,0,29.62333361,0
2013-12-24,0,31.32999992,0
2013-12-25,0,30.50333341,0
2013-12-26,0,32.30666669,0
2013-12-27,0,33.21000036,0
2013-12-28,14.0666666,32.59000015,0
2013-12-29,0.133333338,35.7733345,0
2013-12-30,0.066666668,37.18333181,0
2013-12-31,0,35.60000102,0
